評論者,評等,評語
YC H,5,只能說  好好吃
raymond au,5,地方很大，食物選擇很多， 價錢不貴 ，味道也不錯！
王曉梅,5,骰子牛天使紅蝦讚，各種菜色都好吃。
邱厚諭,4,東西豐富 口味適中 適合帶家人或者商業聚餐都合適
Tony Tsai,5,提供的餐飲依然是在水準之上！
新手一枚,4,食材多樣，但沒什麼變化，服務態度變很好
Ping-Chen Tsai,5,聚會好場所
中和在地人,4,去過多次了，我就是愛
風舞星蒼林世欽,4,料理很美味好吃
Sean Chiang,1,已經是常客了，今日餐點鴉粥偏稀，壽司米明顯有隔夜後的口感，一堆客人取餐時不戴口罩，外場人員完全沒有勸阻，非常失望
VS 兩隻羊姐妹魯拉媽咪,5,餐點好吃，種類蠻多，氣氛也不錯，服務態度也蠻好的😍😍
哲夫吳,5,東西很新鮮 上菜蠻快的
Vanessa Wong,5,地理位置佳，食物品質提供穩定和美味，服務人員專業且親切，一直是聚餐首選。
Iz Li,4,多元餐點，服務佳，缺點，難訂位
張小敏,4,服務很親切
Banana Wong,3,(由 Google 提供翻譯) 就普(原始評論)就普
shirley Huang,4,東西多
范伊青,4,菜色豐富，樣式很多，唯一缺點蛋糕太少！
Sophia Fang,5,舒服又寬敞
ning chen,5,料多實在
W en,5,生魚片新鮮 蛤蠣湯好喝 骰子牛或紅酒燉牛肉不錯（之前去別家吃到飽1600吃到有腥味的生魚片和柴掉的牛排 後來都乖乖來饗食🙄）
LeoNis,2,不管哪種料理的蝦子都很不新鮮螃蟹腥味也很重現切牛排也很柴 ⋯⋯更多不管哪種料理的蝦子都很不新鮮螃蟹腥味也很重現切牛排也很柴除了鮭魚生魚片沒有一樣東西會想拿第二次的第一次吃感覺很差 寧可去吃差不多價位的漢來。
呂Taffy,5,喜歡這邊的環境，明亮不陳舊的清新感
陳敬文,4,菜色豐富 ！
peng eric,4,就是饗食天堂的fu啊！
Un S,5,吃到飽都差不多 所以吃饗食天堂就好 比較便宜
蔡錫鐃,5,交通便利，口味是連鎖店中最好吃的台北車站京城店，今天請家人來餐敘，事先預約，要不然排很久或沒位置。值得。
車銻鍋,3,還可以
楊斯涵,5,下午茶也有牛排🥩好吃😋
李峻峰,5,聚餐吃飯的好地方。
李峻峰,5,用餐環境舒服
吳廷文,1,茶碗蒸有茶，不對是高湯，而且還潑到我們身上啦。然後值班人員說‘請您拿乾洗發票來請款‘，還真是吃飽太閒。冰淇淋硬到服務生說要幫忙拿也沒拿來....
不不,4,熟食料理居多，味道不錯
chen alvin,4,"不限時 很讚,服務也不錯。料理都還okay.但壽司類真的不行...."
Hsiaoching Tang,4,相較其他門店，整體場地較擁擠，食材多樣，但精緻度普通，有壽星95折優惠。
林斯贤,5,食物種類多
孫瑞群,4,檸檬塔嚐起來有點吃肥肉的膩，其他都不錯。
吳哲寬,5,服務很好，牛肉、虱目魚很老，披薩不錯
ulb B,5,沒有限用餐時間，所以很多人5:30就來排隊等待的時間也不會太久，差不多10分鐘左右就進去了（主要也是位子非常多！ 所以不會等太久 ⋯⋯更多沒有限用餐時間，所以很多人5:30就來排隊等待的時間也不會太久，差不多10分鐘左右就進去了（主要也是位子非常多！ 所以不會等太久每樣東西都很好吃，幾乎無可挑剔不管是肉食、生魚片、甜點 每樣都做的好吃！而且總類太多了..！每種拿一點的話，一圈下來其實就有點飽了～飲料我推薦* 氮氣綠茶真的超級好喝！！ 喝的時候會一點抹茶味晚餐時段+服務費 一個人差不多1100左右所以我個人覺得中午不要吃太多，不然要吃一圈可能會吃不完
KoLo,4,還ok
王思允,5,東西非常好吃，場地沒有很大拿食物很方便，收盤收超猛（是在急什麼😅）唯一的缺點就是補菜有點慢..但還在可接受範圍
Rennis Chiptiani,5,(由 Google 提供翻譯) 美味的食物...太好吃了(原始評論) …更多(由 Google 提供翻譯) 美味的食物...太好吃了(原始評論)delicious food... so tasty
Kathy Lee,5,買服飾配件的好地方！😊
黃儒儒,4,滿好的，只是等有點久
林羅西,3,價位不算便宜，但菜色相較以往略有縮水，CP值尚可~
Henry Lin,4,願意花錢，來了一定吃得盡興而歸，不過小心吃過飽撐著肚子回家。
TAIKER,4,價格對得起價位，沒什麼拿的上檯面的高級食材，不過這價位可以了～
邱琇鈴,2,感覺食物種類不多，如果和漢神海港來比的話，就真的差很多（漢來大勝）海鮮新鮮度還不錯，但是補食材的速度非常~~~~非常的慢，尤其是受歡迎的食材，像是焗烤生蠔，鮮蝦之類的。貴店很沒有誠意的，以非常緩慢的速度在出餐，平均大概半小時才烤一盤給客人。 ⋯⋯更多感覺食物種類不多，如果和漢神海港來比的話，就真的差很多（漢來大勝）海鮮新鮮度還不錯，但是補食材的速度非常~~~~非常的慢，尤其是受歡迎的食材，像是焗烤生蠔，鮮蝦之類的。貴店很沒有誠意的，以非常緩慢的速度在出餐，平均大概半小時才烤一盤給客人。服務人員也非常拼命的在收盤子，不曉得是想要讓客人趕快離開，還是怎麼樣，著實是讓客人感覺到很不悅。以這種價位，倒不如貼個幾百塊去吃饗饗，起碼服務和食材度都還比較高檔和滿意。
杜宏鈞,5,陪公主吃日式炸蝦
Nokaze Tsai,3,選擇多，味道一般
flywind chang,4,在京站裡面，菜色還算蠻多的，烤牛排🥩太生不太敢吃，生食區的螃蟹🦀️目前是三點蟹.生魚片很新鮮😋，飲料🥤選擇多也有啤酒🍻調酒，這次去最大滿足就是很多很多蝦🦐（炸蝦🍤天婦羅.現煎天使紅蝦🦐.蒜香蝦🦐...）➕哈根的8種口味冰淇淋，很棒很棒😄😄店內空間大，服務人員態度佳，很適合聚餐哦！！推推推    菜色就請看倌們見下方照片囉～～
唐美玲,5,美食豐富，多樣化，任君挑選
李美慧,2,吃過內湖店和上個月吃中壢店的饗食發現京站店是最難吃的一家，完全符合評比. 豬肋排乾柴難咬；青醬義麵海鮮稀少；手捲拿到立馬吃卻海苔軟掉，代表不夠新鮮；黑芝麻流沙包整個難吃等等，反正上個月我才吃過中壢店，今吃京站店，整個高下立見，完全不會再去下一次.
陳冠宇,4,菜色很好種類多
Jacob Su,2,以吃到飽來說可以勝過同價位的漢來海港但僅僅是挑一個沒那麼爛的，畢竟那邊連螃蟹都是臭的- ⋯⋯更多以吃到飽來說可以勝過同價位的漢來海港但僅僅是挑一個沒那麼爛的，畢竟那邊連螃蟹都是臭的-貴店在食材、菜色的多樣性上算優秀海鮮鮮度尚可，還有進步空間口味方面蠻糟的，沒有一道是吃完覺得好吃再續盤的整體來說就是想多吃幾種菜式可以來，但這價位別太奢求精緻或口味了-服務方面堪稱差勁一位負責我們那區不高的女服務生好像很急著收盤若是旁邊明顯吃完的空盤他可以不說一句的收走無妨，我也省得說謝謝但在我們吃到一半的當下就過來指著正在食用的餐盤問還要用嗎？是在？用餐僅一小時先取了甜點就過來問能不能收餐具包含餐墊...你們內部是有在比收餐具大賽嗎？還是多收幾個盤子有額外加薪啊？可以請樓管或店經理好好瞭解一下嗎？
余建宏,4,以自助吃到飽而言，單論價位有點小貴，但因無時間限制，所以也沒差，吃的東西多樣化，補的速度也算快，但如果是熱門食品，多人拿時還是要排隊。食材不會差，但像冰類的如果太多人一直拿，就會開始融化，甜點真心推薦。服務很好，基本每一小區就都有人服務，也不會有不耐煩的表情，唯一缺點大概就是廁所太少而且有點遠。
Mike Yang,4,(由 Google 提供翻譯) 普普(原始評論)普普
柯月柳,5,台北京站附近有地下街非常熱鬧，有轉運站有電影院，坐火車坐捷運坐公車非常方便。饗食天堂在京站四樓，因為役情有緩和，加上人潮非常多，所以採預約制，當日11點半到二點，是有很充分的時間來想用美食。首先就先來一大盤生魚片，有旗魚，鮪魚，紅蝦。在來就吃了鴨捲餅是要排隊，骰子牛也很韌，，日式天婦羅，炸大蝦，茶碗蒸，焗烤生蠔，酥皮濃湯，港式點心，所有熟食都好好吃。來過多次，今年有增加了氮氣飲料，現烤焦糖葡萄柚，抹茶日式冰，還有好吃的哈根達斯冰淇淋，最愛喝西瓜汁和酸梅湯，加了許多冰塊立馬暑氣 ⋯⋯更多台北京站附近有地下街非常熱鬧，有轉運站有電影院，坐火車坐捷運坐公車非常方便。饗食天堂在京站四樓，因為役情有緩和，加上人潮非常多，所以採預約制，當日11點半到二點，是有很充分的時間來想用美食。首先就先來一大盤生魚片，有旗魚，鮪魚，紅蝦。在來就吃了鴨捲餅是要排隊，骰子牛也很韌，，日式天婦羅，炸大蝦，茶碗蒸，焗烤生蠔，酥皮濃湯，港式點心，所有熟食都好好吃。來過多次，今年有增加了氮氣飲料，現烤焦糖葡萄柚，抹茶日式冰，還有好吃的哈根達斯冰淇淋，最愛喝西瓜汁和酸梅湯，加了許多冰塊立馬暑氣全消。蛋糕種類也不少，想吃多少就跟服務人員說，水果有覺得少了點，整體而言是有值得了，下次還要再去光顧。讚。
lamipalofn,2,變得超難吃 我家的狗吃的都比他好了骰子牛有夠柴炒蛤蜊有夠鹹是要做成熱炒的還是什麼的 吃不出來其他你們自己來體驗吧....
Daisy,5,餐點好吃，服務很👍
郝薔,5,(由 Google 提供翻譯) 很好吃(原始評論)很好吃
田靖靖,1,你好，我們是9/12禮拜六下午兩點半用餐的客人，很不好意思是因為人數算錯臨時更改，原本準備好的兒童座椅要換成一般椅子，然後要再加一張椅子，幫我們搬椅子的一位女服務生聽到我們還要再加一張椅子，把搬來第一張椅子放著用力推了一下，全部我親友都看的出來這位女服生非常不爽，這種臨時變更的狀況如果你們無法接受可以一開始就講，不用發脾氣吧，搬第二張椅子來我家人就趕緊去接過來，長輩不想跟年輕人計較以和為貴，可是我不想白白受氣，我家人不住台北，之前吃過你們家可能他們喜歡才再來吃，但我第一次吃印 ⋯⋯更多你好，我們是9/12禮拜六下午兩點半用餐的客人，很不好意思是因為人數算錯臨時更改，原本準備好的兒童座椅要換成一般椅子，然後要再加一張椅子，幫我們搬椅子的一位女服務生聽到我們還要再加一張椅子，把搬來第一張椅子放著用力推了一下，全部我親友都看的出來這位女服生非常不爽，這種臨時變更的狀況如果你們無法接受可以一開始就講，不用發脾氣吧，搬第二張椅子來我家人就趕緊去接過來，長輩不想跟年輕人計較以和為貴，可是我不想白白受氣，我家人不住台北，之前吃過你們家可能他們喜歡才再來吃，但我第一次吃印象很差以後也不會跟朋友推薦這家餐廳，大部分的服務生態度都很好，但我真的第一次在外面遇到脾氣這麼大的服務生，謝謝
Kristy Lin,5,餐點好吃，食材上菜速度快。甜點很好吃😋可先訂位！
zophiel Liu,4,(由 Google 提供翻譯) 骰子牛肉！好吃！(原始評論)骰子牛肉！好吃！
蕭育承,1,黃筱琪是吧⋯⋯看一下單子就翻白眼🙄️加強一下服務態度吧
johnny hou,5,價格實在，很好！
高飛鷹,5,我一個人K掉55隻天使紅蝦3盤骰子牛4盤生魚片1盤握壽司～讚啦！（炸蝦似乎太小隻了一點）好吃！
Alan Yuchen Chang,5,以吃到飽來說，這個價位所提供的餐食總類、品質和服務的態度算是超值的。久久一次放肆的大啖美食的好地方。
晃,4,(由 Google 提供翻譯) 好(原始評論)Good
Evön Chen,5,下午茶時段的食材依舊是誠意十足各種食物從賣相到口味都讓我們感到滿意因為素食的關係 另外點了素食的套餐 ⋯⋯更多下午茶時段的食材依舊是誠意十足各種食物從賣相到口味都讓我們感到滿意因為素食的關係 另外點了素食的套餐每一樣的食材都很用心準備 不是素食的加工料 份量也很夠 坐在位子上就能吃的非常飽現在還有集點和生日優惠 非常貼心（基於不浪費的想法 會建議餐廳在準備套餐時 份量可以在稍稍減少一些 就能將每一項美味都完整品嚐）特別想要鼓勵來幫忙結帳的短髮妹妹頭的可愛女生 非常親和有禮 也會確認餐點口味👏👏👏
Jeff Hung,4,各種菜色口味好吃，千元以下吃到飽的好選擇
boyou Chen,1,8/30早上11:30進場吃到兩點從那天開始連續拉肚子到現在是不是因為夏天 食物保存不易 ⋯⋯更多8/30早上11:30進場吃到兩點從那天開始連續拉肚子到現在是不是因為夏天 食物保存不易吃到有細菌的食物第一次吃饗食天堂 結果遇到這種事情真的感到很失望
Ka smida,5,不知道為何之前聽到關於饗食天堂的評價都沒有很好自己直到昨天才第一次吃饗食天堂 ⋯⋯更多不知道為何之前聽到關於饗食天堂的評價都沒有很好自己直到昨天才第一次吃饗食天堂平日中午人潮普通覺得餐點表現都蠻優異的如果有喜歡吃自助餐的長輩真的可以帶來吃
Ruriko Fujihara,4,還維持住基本水平的饗食~生食新鮮，鹹食也還不錯，德國豬腳吃得到香酥口感~甜食方面塔皮類的希望能維持不受潮的口感會更好~炙燒焦糖葡萄柚賣相很ig~苦甜的焦糖中和了葡萄柚的酸甜~愛吃酸的人不妨一試~
郭家豪,5,吃的少，感覺還可以。
ya han,3,第一次吃這家饗食壽司還不錯照燒雞滿柴的不軟嫩 ⋯⋯更多第一次吃這家饗食壽司還不錯照燒雞滿柴的不軟嫩蛤蜊處理的不是很乾淨有沙松露燉飯好吃 濃郁干貝也很好吃！
瑋,5,(由 Google 提供翻譯) 真香好吃一直吃(原始評論)真香好吃一直吃
Lin Liu,2,下午茶菜色越來越少也沒有以前好吃。
eric wang,4,人很多但是出餐速度有待加強但是服務態度良好就是了
Noodle La,3,還可以
Gary Liu,5,食材還算新鮮，種類繁多，服務還不錯
Liam Lo,2,還沒要走，整桌被收光，連餐具都不留，還沒要打烊一直催結帳。結帳就算了，態度超敷衍。 ⋯⋯更多還沒要走，整桌被收光，連餐具都不留，還沒要打烊一直催結帳。結帳就算了，態度超敷衍。還會在你滿手蝦腦時跟你要會員app，在旁邊等到你擦完手拿出來為止。
wenyann lin,5,食物新鮮好吃
許勝勇,5,招待人員親確.食材讚
唐佩鈴,3,假日人滿為患 排隊拿食物排很久
Leo- Home-Z,4,我自己是沒那麼愛吃海鮮啦吃吃牛排牛肋條小羊排就很開心了 ⋯⋯更多我自己是沒那麼愛吃海鮮啦吃吃牛排牛肋條小羊排就很開心了但我媽媽她很喜歡吃海鮮，其中裡面有一道3點蟹他覺得不是很新鮮，天使紅蝦也沒有以前去吃那麼鮮甜和濃郁的蝦味，我想說既然都是這麼貴的把費了蝦蟹應該要新鮮才對，希望以後能改進，我們家才能常去這邊聚餐
縈豐,4,菜色多樣人潮眾多記得要提前預約 或是可以在現場詢問一下是否有單個人的願意併桌一起用餐
香香汪,5,超讚好吃服務非常好棒棒棒棒棒
蔡志明,5,一個吃到爽的節奏～～
聲援耿瀟男一一一中共政權是中華文明的叛徒,5,食物種類多，新鮮，交通方便，服務好
Mia Woo,2,我們同行兩人吃完接連去廁所拉完肚子才離開...
Emily Chen,4,天使紅蝦拿到飽 爽
林煜翔,5,(由 Google 提供翻譯) 馬卡(原始評論)真香
吳玉雲,5,菜色很多好吃也新鮮，場地寬敞服務很棒
Giselle Tai,5,多年沒來，整體提升很多，很多地方都有改成跟饗饗類似的設計，例如飲料區本來都是自己去飲料機拿，現在還會有專門的飲料吧，整體高級很多，動線設計很好，人很多但是排隊不需要饗饗那麼久，工作人員都訓練有素，食材也滿不錯，CP值很高
Cynosure Chang,4,食材多樣化，西式自助餐
Mary Chen,1,8/14晚間用餐，環境跟服務都很糟1. 我們坐的沙發位， 沙發都破掉了，那一排沙發，很多位置都是破的。晚餐將近1000塊，為什麼連個墊子都懶得放2. ⋯⋯更多8/14晚間用餐，環境跟服務都很糟1. 我們坐的沙發位， 沙發都破掉了，那一排沙發，很多位置都是破的。晚餐將近1000塊，為什麼連個墊子都懶得放2. 我們那區的服務生，八點半開始，就陸續清空大家的桌子，她有說先幫我們清一下桌子，但卻是所有餐具，連桌上的墊紙全部清掉。最不能接受的，是她把桌上的屑屑，直接推到桌下，熱炒店的做法3. 蛋糕區的蛋糕要嘛全空，要嘛剩一兩個。點蛋糕時，才知道服務生把蛋糕放在內台，直接從內台拿給你，而不是從蛋糕區，花幾分鐘把蛋糕放在冰箱讓大家選很難嗎4. 位置跟位置之間隔非常近，聊天內容清清楚楚，怎麼不乾脆讓我們併桌坐這家分店的管理超級糟糕，難怪是台北饗食評分最低的
葉光珮,5,食物很新鮮，服務人員態度親切
Bruce Shyu,5,種類豐富，而且每個品項都滿好吃的
王晴鈺,4,員工在預約制度上沒有強化急忙掛電話 ⋯⋯更多員工在預約制度上沒有強化急忙掛電話連詢問清楚都沒有還是我們主動一直告知感受很差到了現場用餐登記時更是離譜的連登記都沒有留下傻眼的櫃台人員和我跟朋友只是傻眼的感覺會來享用美食只因家人妹妹極力推薦到了現場說不出的失落感員工的培訓真的落差極大在晚上公司雖有來電但完全不出聲不知打電話何意讓人留下無限傻眼跟以前用餐感受完全是兩個世界希望公司應該好好加強員工培訓在隔日接獲副店的來電知道餐飲業辛苦也知道你們培訓人員的不易你的努力了解和回應讓我願意下次再次用餐因為將心比心我們不會無故插隊只是希望給予好的尊重感在機制處理上很完整可以了解客戶的感受也謝謝你們提供美好的餐點
哈哈哈哈,5,餐點很美味新鮮，CP值很高喔～
沈雨君,5,骰子牛、現切牛排都很優秀，甜點表現也不錯，尤其焦糖布丁是現場烤出熱騰騰的焦糖，這點還滿讓人驚艷。不過希望餐點補充速度能夠加強，水果區尤其慢，還要客人三催四請才慢吞吞把明明已經準備好在一旁的水果端出來，讓人滿傻眼的。
張嘉琳,5,請問一下一個人的價位大概是多少
黃明忠,3,場地不夠大，用餐人數多了點
忠信Johnson,5,菜色好，吃到飽
Wen Chun Chen,1,明明就是吃到飽，一個人拿全部甜點各拿一個跟家人一起吃，還要被服務員跟其他服務員討論、被側目，員工教育訓練有待加強。負責烤布蕾、焦糖葡萄柚的員工東西都用丟的，不想上班也不用把氣出在客人身上吧
Angelina C,4,美味可口太多食材重複用在不同煮法 有點膩
楊崇福,5,8月3號來吃晚餐，菜色豐富cp值高，打趴台北一堆五星級飯店自助餐
陳博嵊,5,適合聚餐
俞威遠,5,讚！
Barry Liang,4,座位區有些擁擠換上新的冰淇淋有服務員幫忙挖，很貼心
何榆翎,3,今天一家人都去吃2點半~4點半（下午茶時段，一人768和服務費~大人）4人是3072元，但每次我們都吃的不多，只要去那裡我的習慣是一定先吃中式（炒飯.雞肉.炸物.果汁或水果）先把肚子裝好裝滿，最後才是主角上場，去饗食我是為了他們家的蛋糕，我跟小孩說（我要學葉問）兒子問我什麼意思，我說如果服務人員問我要什麼，我一定要大聲說（我-要-10-個三角型的巧克力蛋糕上面有點奶油和腰果~入口即化）好吃，我跟服務員說10個（服務員有頓了一下，我兒子吃12個~蛋糕都小小的沒有很大）我覺得不錯 ⋯⋯更多今天一家人都去吃2點半~4點半（下午茶時段，一人768和服務費~大人）4人是3072元，但每次我們都吃的不多，只要去那裡我的習慣是一定先吃中式（炒飯.雞肉.炸物.果汁或水果）先把肚子裝好裝滿，最後才是主角上場，去饗食我是為了他們家的蛋糕，我跟小孩說（我要學葉問）兒子問我什麼意思，我說如果服務人員問我要什麼，我一定要大聲說（我-要-10-個三角型的巧克力蛋糕上面有點奶油和腰果~入口即化）好吃，我跟服務員說10個（服務員有頓了一下，我兒子吃12個~蛋糕都小小的沒有很大）我覺得不錯吃！（其他的小孩說吃膩了）就讓客倌們自行評估囉！
宣蓉林,5,(由 Google 提供翻譯) 好吃是聚餐的好地方(原始評論)好吃是聚餐的好地方
Coya Wang,5,服務人員親切，菜色多樣好吃。大推現烤披薩還有骰子牛。茶碗蒸有點清淡沒什麼味道。海鮮冷熱都有選擇。
Anne,5,很好吃有進步
kuopin pan,4,停車場要早些來
高聖軒,5,不錯 食物烹飪方式有進步 骰子牛變的很美味
王允,5,東西多樣到吃不完😀😀😀
Chi Wei Li,4,饗食依然是800元價位王者
Pin Hui,4,種類算蠻多的，炸蝦的廚師主動告知餐點快出爐，感覺很好👍只是甜點都不是很好吃😭
Kuntin Lee,5,餐點多元、服務親切、環境舒適
陳小彥,4,美食綜合地!
Min-Chun Ku,3,貴
李美君,4,服務人員親切，多國料理菜色種類多，空間流暢
アルカードゥン,5,比板橋好喔
陳昇鴻,5,大馬士革綠茶好喝，菜很多
沈威志,4,吃到撐，調酒好喝（小公主、童趣、兒童樂園）。
Tseng ming-hung,4,東西種類不少，食物新鮮，有哈根達斯冰淇淋跟含酒精飲料，用餐時間相當充裕，給消費者真正吃到飽。
崎野yume,2,食物總類太少 不能吃牛肉和不敢生魚的 就幾乎沒什麼能吃的了 很失望 不能多一點豬肉或雞肉...之類的嗎，光是蝦子類就好幾盤 太單一了吧 原本很期待的 唉 以後都不會選擇了 ，當然食物是不錯吃的 服務也很好
梁瑞玲,4,餐點豐富，用餐時間充裕，服務人員態度親切耐心
周罡平,5,還不錯，還會再來。
Andy Lee,5,(由 Google 提供翻譯) 好吃(原始評論)好吃
連yating,4,非常愉快的用餐經驗
Jimmy Wang,5,(由 Google 提供翻譯) 好吃(原始評論)好吃
張世鼎,5,不錯吃，下午茶很棒，900元有找，菜色可以接受，值得再來。
Kevin思思,1,昨日聚餐反應冷氣不涼，一律只有回答是京站時尚廣場方面的中央空調問題，相信很早之前就有這問題存在，餐廳外頭都很涼快，只有你們家最熱！！希望店經理能儘快處理，不然當消費者冤大頭訂位還享受到這麼差待遇.............
邱志忠,1,衛生有待改善，油品不佳，看起來噁心
芊孜,5,海鮮還好，其他還不錯
William Huang,5,服務優菜色豐富
江偉豪,3,種類繁多 炸蝦雖然依舊好吃但有點油膩
Hsin Jung Ho,1,因為中午有事，將近一點才到原以為還有一小時可以用餐沒想到好幾盤菜已經不補了（只剩牌子那種） ⋯⋯更多因為中午有事，將近一點才到原以為還有一小時可以用餐沒想到好幾盤菜已經不補了（只剩牌子那種）就算還有的菜，大多都已經放涼了選擇雖然多，但口味都一般般（感覺就是家常菜等級.......）位子也十分狹小，要拿菜還要讓旁邊的人借過才行真的一點都不值八百塊！！！！！！！如果預算這麼高的話，在台北市肯定有更好二十倍的選擇！！！！！
陳阿緻,5,樣式多而且變化多。
淙蛋,5,(由 Google 提供翻譯) 好吃~(原始評論)好吃~
ANGEL CHANG,3,C P值蠻高的菜色很多建議可以增加調酒的種類
陳庭槐,4,菜色眾多 服務很好 只是不太好訂位
林志明,4,東西多樣又好吃，算起來也很便宜，服務生態度很好，值得再來聚餐。
Marene Chan,5,(由 Google 提供翻譯) 好吃(原始評論)好吃
Chia-Che Ko,3,要訂位 不然要等爆久 甜點層次偏少
MineTeh Hung,5,(由 Google 提供翻譯) 好吃(原始評論)好吃
邱琦琦,4,食材多樣，選擇性多值得試試
Y C H,4,吃到飽餐廳的首選，尤其是下午茶，比五星級飯店的選擇多又好吃！但今天全部冰淇淋都硬邦邦的，要客人等10分鐘還是一樣硬，扣分！
燦佃莊,5,服務人員態度親切自然，禮貌週到。
jason wang,4,食材豐富 樣式多 性價比高
Jay Hsueh,5,好吃，食材也讚！
羅小玲,1,服務態度要加強吧？
Jed Yu,4,餐點不錯
Johanna Lee,5,5年前的饗食京站店vs2020的京站饗食我覺得菜色更新的很讚欸非常不錯素食的餐點，準備的很好吃，擺盤很棒。
林阿義,5,人山人海 賓主盡歡
Tina Chung,5,店內服務員貼心
陳筑筑,5,逛街吃飯好地方
廖家鴻,4,"東西多也美味（總有你愛吃的）,但是排隊方向不明，老是遇到反方向插隊（做個排隊方向指標可以減少很多問題"
大象,3,百貨的冷氣很弱怕熱的別來餐點不錯
Hua,4,服務人員很親切  菜色也合味 動線稍嫌擁擠
Pony Hwang,4,食材還算新鮮，樣式也多元化服務人員親切且處理速度快
陳志德,4,久久去一次，食材有些變化，有氮氣飲料，喝了很飽
時宗凱,1,(由 Google 提供翻譯) 弱了(原始評論)弱了
Liao Nicole,5,菜色多 出餐速度也快 肋排看似有點乾 但一咬下去才發現還蠻嫩的 超好吃
Tony Chen,4,經濟實惠！交通便利！
Coco Yen,4,(由 Google 提供翻譯) 下午茶好吃划算(原始評論)下午茶好吃划算
60TINGYAO,4,種類豐富
隋桂芳,4,東西滿不錯的
john wang,5,不錯！
韓國偷,1,飲料人員在洗器材 洗了10分鐘離開崗位 我要喝酒還要罰站？
許智欽,5,自由選擇，多種吃法
Mark Chen,3,人潮減少，如同台灣經濟下跌
阿真,1,第一次來，服務差，不推薦
Peggy Chen,5,今天來這裡用餐，真是太棒了！有烤鮮蚵、有蛋黃的螃蟹、天使蝦等等，非常物超所值~吃的不要不要的😆😆照片的蝦子不是天使蝦，只是一般炸蝦~
supergodking Chiang,4,品項很多 服務也不錯
Huang Jason,5,食物類型是我喜歡的，我發現這家是我最愛的吃到飽
LEO454545,5,(由 Google 提供翻譯) 好吃呦~(原始評論)好吃呦~
賴奕豪,1,今天跟家人一起去用餐，服務態度非常的糟糕，食物補充的速度很慢就算了，燉牛肉還有一半卻被服務人員收走拿去補充，與其補充這個不如補充其他的還比較好。另外我們於下午一點結帳，卻一直遲遲等不到發票，途中還有服務人員一直來提醒用餐時間，有告知服務人員我們在等發票，但還是一直有不同的服務人員來催促我們用餐時間，感覺不是很好，直到兩點才等到發票，也因為折抵停車費的時間不夠，還要多付停車費，讓人覺得無語。
YuShan lin,5,菜色豐富選擇多，好吃也好喝
劉梅惠,4,食材新鮮，總類豐盛，服務員態度親切
陳志忠,4,菜色不錯
張盛文,5,很棒的好地方，餐點真是讚
洪星星,5,好吃~食物新鮮多樣
蕭氏集團總裁88,4,吃了不後悔，但有餐卷再吃會更不後悔，豬腳真的好吃
Lanster Wang,1,不歡迎單人客人
吉女圭女圭,2,已先打電話預約平日晚上，明明也有其他位子，被帶到離食物很遠的座位，到吃完走人那些座位一樣沒人，可能有什麼原因才會帶那麼遠吧，不曉得。東西很多但也沒有很好吃，除了收盤子也沒什麼服務，服務費收的合情合理，吃到一半說要先結帳，ok先結帳就結，刷手機載具說請我到門口櫃檯刷，然後就大眼瞪小眼，也沒打算帶我過去結帳，不知道在幹嘛
Andy Wang,5,來過好多次 每次都吃好飽😀
當龜人參,4,還可以，人多東西就～
Alex Liu,5,食材新鮮，料理美味
王老大,4,價格公道 莱色不錯喔 值得
緋いろ彗星フラン,5,餐點選擇多，東西新鮮適合聚餐的地方
fujeffkimo,3,服務不錯，價格中上東西還算不錯吃但是補食材的速度慢到簡直讓你以為他們不想補
Chun che 哲 Lin,5,06/06吃中餐 服務優良菜色一級棒 。 黑鮪魚隨意吃 不限量。菜色豐富好吃 物超所值
許仙蕙,5,離火車站近、菜色也很多
Patty Pattychang,4,二訪還ok
Mitchell Tang,4,中西日式料理讓您還沒吃過一輪就飽了，大蝦，烤牛肉，烤鴨，多到不知道選什麼
Edward Chang,4,(由 Google 提供翻譯) 台灣非常有名的自助餐廳。如此眾多的選擇和優質活潑的食物。(原始評論) …更多(由 Google 提供翻譯) 台灣非常有名的自助餐廳。如此眾多的選擇和優質活潑的食物。(原始評論)A very renowned all you can eat buffet restaurant in Taiwan. So many different selections and lively prepared food with nice quality.
CHI,4,饗食天堂的「鴨肉粥」「焦糖葡萄柚」「氮氣系列飲料」都是不錯的項目！
湯元凱,3,沒想像中好
犽犽,5,東西好吃，服務態度親切，選擇性多
Ash Chang,3,(由 Google 提供翻譯) 普通(原始評論)普通
李尼尼,4,菜色很久都沒改變了
Juning Wang,5,食材新鮮，總類多樣，用餐環境讚，服務態度佳，特別推薦松露燉飯。❤👍
vivian Tseng,5,防疫餐，取餐戴口罩，座位間隔。
Ching,1,5/22晚餐時間烤生蠔廚師讓人賭爛你這態度，不需要看你的傲慢跟情緒差，吃到飽，有限份量請放牌子，不需受你回嘴，出餐速度來不急供應，而不是回客人拿的速度，後面有客人，那是你們貴公司對熱門菜色該加強的問題。
CT Chen,3,外帶餐點 份量稍顯不足。口味OK。
C Vina,5,空間寬敞，食材新鮮
西當普利斯,4,讚
張慶輝,5,品質不錯
楊祥,4,2020/5/24
朱國平,4,空間可以，地點很好，食物種類很多，還不錯吃，小心不要吃過量，不然會增肥噢
蕭凱智,2,選擇的確很多，但老實說每一樣做的都不到位，不怎麼好吃
yida Chen,5,很好吃阿 東西多 也新鮮
鍾婷,3,一切都很好，只是不適合晚上8點之後來，因為他們9點就開始收東西，9:30東西完全收完了，吃的很趕很急，人生第一次吃吃到飽吃的這麼趕
天月,5,這次的餐點品質有增加 跟品項也有更新 有不錯的體驗
jamie kung,4,停車方便，目前名字有O同音可以享4人消費1人免費。
娜NA,5,選擇下午的時間用餐下午茶的選擇就非常多種了!
Irene,5,比起多年前來吃，饗食進步了很多
ack j,4,整體食材品質是不錯的地段造成的高價位
Tomson Chen,4,彩色豐富！服務人員親切！環境衛生！
Jasper,4,餐點和幾年前好吃很多，但骰子牛太硬，天使蝦太老，其他都好吃，服務尚可
小芮芮,1,櫃檯人員的服務態度非常冷漠問個問題理都不理 問三次才要回不回的你這種跟人家收服務費會不會太過份？ ⋯⋯更多櫃檯人員的服務態度非常冷漠問個問題理都不理 問三次才要回不回的你這種跟人家收服務費會不會太過份？然後我吃過那麼多大大小小的餐廳也吃過桃園的饗食天堂都沒發生過什麼事啊我人生第一次吃完超級不舒服超級想吐就在這裡最糟糕是那個螃蟹我光是走過去都聞到腥味拿完其他餐點回座位的路上看到有人拿那個螃蟹我的天他都不覺得很臭嗎...我經過都聞到臭味了雖然我也沒看到他動那個螃蟹啦...在這個價位這樣的品質跟待遇真的不行...我吃過不好吃的服務態度差的都沒有這次的體驗糟糕第一次覺得花了冤枉錢...真心覺得心情很差然後我這輩子都不會再踏進饗食天堂一步了
湯培君,1,連「一顆星🌟」都不到，因爲疫情，上次買了300元的便當，難吃死了，蘿蔔沒熟、牛肉硬的要死，連三合院的便當都不如，這樣也敢賣， ⋯⋯更多連「一顆星🌟」都不到，因爲疫情，上次買了300元的便當，難吃死了，蘿蔔沒熟、牛肉硬的要死，連三合院的便當都不如，這樣也敢賣，我再買就是豬，「饗食天堂-京站店」沒有廚藝，只會把食物煮熟大家千萬別去「這家」吃
ruru Hsiao,3,坐位隔空拉開了 很好。但是去取餐的客人沒戴口罩。站在食物前面聊天 感覺很恐怖😱⋯⋯⋯⋯建議取餐的客人戴上口罩 感覺比較安心
Li Klaus,4,響食天堂 京站時尚廣場美食的好滋味👍🏻彩色多元 ⋯⋯更多響食天堂 京站時尚廣場美食的好滋味👍🏻彩色多元動線很棒種類很多日式 港式美式 義式各式各樣的美味個人主推前五名1️⃣干貝2️⃣烤布蕾🍮3️⃣野菇燉飯（濃郁菇味）4️⃣天使龍蝦  5️⃣日式生魚片🍣很棒的用餐環境可以吃到自己想吃的美味
Ariana Ku,5,還行~可以再次造訪😘
lin等等,2,最近在辦優惠活動於是今天來試試下午茶，東西種類多，但是熟食的部分一開始就被拿完的東西都沒補貨幾乎一半熟食都沒補就讓他空到下午茶結束！！景氣不好生意也不是這樣做的吧本來想打一星但是多的一星給辛苦的服務人員吧很勤勞的收桌換盤。希望菜補貨上能加強
房純輝,5,今天晚上要在這裏...干貝吃到飽啦😁😁😁
alice tseng,5,服務人員很親切，下午茶食材很有誠意，種類很多
羅以櫻,5,變得更好了
Tony Lam,4,(由 Google 提供翻譯) 非常適合品嚐一切(原始評論) …更多(由 Google 提供翻譯) 非常適合品嚐一切(原始評論)Great for getting to taste everything
alvin Lo,5,可以選擇的食材非常多，烤的、煮的、炸的、煎的幾乎都品嚐了一輪，當然不能缺的還有海鮮、生魚片等，新鮮也不會刻意放很少量，只是無奈的需要控制食慾，無法放開的吃！（PS服務生很棒！)
黃冠諦,4,食材眾多，但是食材變化不大
廖偉成,5,鮭魚生魚片……有去皮，讚但是冰淇淋桶有點硬
chen chester,5,自助餐吃到飽食才精緻豐富品項齊全多元物超所值餐廳
易彥廷,4,"飲食環境乾淨,桌邊服務人員和入口報到專員態度親切,提供食物品項嫌少(尤其是海鮮類項目真的有待提升)."
Allen Fang,4,選擇琳琅滿目，先不論好不好吃光是在裡面能有那麼多品項可以挑選邊逛邊聞香就是一種享受了，料理的品質跟服務的嚴謹度仍有進步空間（不是不好但缺乏亮點），但以這價位來說已是CP值及格的餐廳了。
吳姿穎,1,熟食到底是不是熟食，吃起來但是冷冷的情人節來吃真的火很大，才開始吃就來收錢，感覺不到好的服務
feng Lee,4,平日4人同行1人免費很優惠，品項很多物超所值、但桌子都沒人來收、很亂、用餐氣氛變的很普通！整體來說還不錯。
胡筱悠,2,越來越不好吃了，態度也有待改進，我覺得沒有人的時候不用特別跟客人提醒時間，會覺得吃得不開心，一直有時間剩很少的感覺，很不好，蝦子的品質也越來越差了，以前比較好的濃湯也都沒有了，應該不會再來了
Tzuchi Shen,4,(由 Google 提供翻譯) 很棒哦(原始評論)很棒哦
修車人小鍾,5,(由 Google 提供翻譯) 好(原始評論)Good
Wendy Lai,2,cp值低，完全不需要來吃
王瑤芬,5,食物很多種
Kelly Shih,5,之前去吃覺得比早先又更好了，菜色更豐富也更精緻，和飯店可比，希望店家持續加油好好維持，京站這個分店一直都挺不錯的。
李某,5,這裡的舒適度很不錯，氣氛也很好！！
wu blue,4,還不錯吃
Tilda Su,3,座位很擠，同時段人次太多，用餐體驗較擁擠
Rongzhu Hsieh,5,和朋友聚餐的好地方❤️服務好、食材新鮮！
阿聖,4,(由 Google 提供翻譯) 好吃(原始評論)好吃
Kamy Facon,5,(由 Google 提供翻譯) 美味的自助餐，有多種選擇(原始評論) …更多(由 Google 提供翻譯) 美味的自助餐，有多種選擇(原始評論)Nice buffet with a large choice of different food
WenChi Chuang,5,干貝相當好吃
李政源,3,"昨天和友人選擇下午茶食段,感覺有些菜色不新鮮,像雕魚、西瓜..是不是因疫情影響,食材準備太多,消費者減少,有些菜感覺隔了幾餐的味道,有些小失望."
Mars Fan,4,(由 Google 提供翻譯) 想吃(原始評論)想吃
林顯銘,3,吃的食物菜色沒變化……
Ya Li Lee,5,種類很多而且好吃，檯面上的菜盤空了很快就會補齊，店員服務態度都很親切❤️
楊雨瑄,4,同學聚餐，不錯的選擇
tmot0,2,螃蟹乾扁，帶的位置又不好
張玉雲,4,食材新鮮 餐點也很美味
Anne Thymotie,5,(由 Google 提供翻譯) 可能是台北最好的自助餐廳之一，食物種類豐富且價格合理。肯定會再回來。(原始評論) …更多(由 Google 提供翻譯) 可能是台北最好的自助餐廳之一，食物種類豐富且價格合理。肯定會再回來。(原始評論)Probably one of the best buffet restaurant in Taipei with good variation of food and reasonable price. Definitely will come back again.
黃傳仁,5,吃飽飽的喔！
莊嘉正,5,東西多，選擇性多又好吃，服務又好！
jrkidboy,4,東西蠻多，味道不錯，可惜胃不夠大。
Steve lin,4,下午茶CP值還不錯，推德國豬腳，鴨肉卷，麻辣中卷，焦糖葡萄柚都很棒👍
瓅云,5,公司尾牙，環境、菜色都很好
Ming Chiang,4,媳婦生日 選在京站4樓 饗食天堂 慶生 地方交通方便 捷運即達 賣場很大 記得兩年前在板橋有吃過 比較起來 食物有比較精緻 ⋯⋯更多媳婦生日 選在京站4樓 饗食天堂 慶生 地方交通方便 捷運即達 賣場很大 記得兩年前在板橋有吃過 比較起來 食物有比較精緻海鮮特多  炸魚 炸蝦 炸螃蟹 生魚片也不錯現煮蛤蜊湯 熱香好喝鮭魚炒飯 爽香叫讚烤魚下巴 焦香好食香酥蝦 惹味烘蛋 有味茶碗蒸 好喝香蕉巧克力披薩 有創意酥炸牛蒡 脆香鐵板骰子牛  爽口烤孔雀蛤 有料牛肉湯 嫌香氣不夠 要加強烤鴨粥 味道不如 龍都酒樓甜點 多樣選擇 水準以上飲料有 日月潭紅玉冰紅茶 超棒台啤 喝到飽雞尾酒 隨點隨做冰淇淋用哈根達士 有水準自助餐 各五星級飯店都有 饗食天堂 有它的特色 是不錯的選擇
Iris Chen,5,選擇多又好吃
子惠簡,3,甜點很多樣，但是3個月前吃的菜色，3個月後還是一樣，有點無趣。
cherry Lo,5,東西新鮮不錯吃
戴金川,5,各種餐點應有盡有，是吃飯聚餐聊聊的好去處
Lee Joseph,5,最早的饗食真的好吃非常常去吃，但後來漸漸不行味道走味且商業化很重，很像為了賺錢犧牲了品質，而這次剛好路過京站的饗食且因為平日看得出來都還有座位，且當時只是想說看看環境而已沒有一定要吃，但運氣很好我們在看的同時有一位經理級的主管很主動的過來問我們要不要參觀菜色看看，當時也只是抱著看看如果不滿意就不吃也不想太打擾餐廳，所以我們稍微看了一下沒想到走沒幾步看到菜色後就決定吃看看，除了服務人員的接待很有水準外餐點的品質有恢復到早期饗食的水準了菜色好看而且吃的味道也不錯，不會有一種只為賺 ⋯⋯更多最早的饗食真的好吃非常常去吃，但後來漸漸不行味道走味且商業化很重，很像為了賺錢犧牲了品質，而這次剛好路過京站的饗食且因為平日看得出來都還有座位，且當時只是想說看看環境而已沒有一定要吃，但運氣很好我們在看的同時有一位經理級的主管很主動的過來問我們要不要參觀菜色看看，當時也只是抱著看看如果不滿意就不吃也不想太打擾餐廳，所以我們稍微看了一下沒想到走沒幾步看到菜色後就決定吃看看，除了服務人員的接待很有水準外餐點的品質有恢復到早期饗食的水準了菜色好看而且吃的味道也不錯，不會有一種只為賺錢菜色都沒搞好的感覺了，這次只有在京站吃不確定其他家是不是也一樣好，之後會去同集團的旭集吃看看，希望能繼續抱持該有的水準
柳益興,5,料理很到位，食材新鮮
246179268 lo,4,吃到飽！還有哈根達斯
寶爸,4,"從開業迄今,没太大改變,某些配餐人員要加強。"
蔡文忠,4,回娘家來饗食吃下午茶又來吃
Oops Eva,3,下午茶去的，甜食很好吃，但有些鹹食真的很普，總體價格不值得
哈哈哈,4,東西普通服務還不錯
周映文,5,(由 Google 提供翻譯) 好吃(原始評論)好吃
Steven Lee,5,讚
rita Shie,3,餐點新鮮，最喜歡它們的甜點
Rika公主,5,(由 Google 提供翻譯) 好吃😋(原始評論)好吃😋
Jordan Lin,2,(由 Google 提供翻譯) 我不喜歡融合除了水果以外，水果都很棒 …更多(由 Google 提供翻譯) 我不喜歡融合除了水果以外，水果都很棒(原始評論)I don't like it it's to blendExcept the fruits the fruits are awsome
雨宣羽,5,二度光臨，整體餐後心得還算不錯。之前是吃下午茶，比起來晚餐好像是鹹食類品項多，下午茶是甜點那些選擇多，生魚片表現依舊不錯～印象比較深刻的是日式沙瓦很好喝，還可以選要不要加酒精進去，蛋糕那邊種類有點少，幾乎都是巧克力系列蛋糕，但另有提供現烤布蕾跟烤葡萄柚可吃。有機會還是會想再來，可是應該會選擇吃下午茶時段就好。
LAi PiNPiN,4,菜色豐富！
劉童鞋,1,過年1人費用1千5百多元…桌子超收客人排到外面走廊上用餐，在外排隊進場就耗時20分鐘也算在用餐時間內，這還不算客人超收大家在等排隊用餐的時間！東西真的不好吃不新鮮…一點都不值得花這個費用去吃。
PEGGY SHEN,4,京站的比較好吃、上次吃板橋覺得還好
佩玉陳,5,價位在親民一些更棒
HY C,3,用餐安靜、環境乾淨、服務好
mu mu,5,2018.09.24 ⋯⋯更多2018.09.24饗食天堂真的是每次吃每次都滿驚豔的，這次是吃午餐餐期，喜歡烤鮭魚、烤魚下巴、炸蝦、饗樂骨、五花肉、甜在心地瓜、烏梅汁、莓果查佛蛋糕等，不過其實大部分都很美味，沒什麼地雷，CP值很高！2020.01.29初五又來吃下午茶，來饗食是每年必做的事之一了XD下午茶人氣很旺，每次都好多人，這次吃到了拔絲地瓜、饗樂骨、鮭魚骨、魚下巴、炸蝦、烤大蝦、牛肉派、海鮮披薩等等都很棒！拔絲地瓜真的好喜歡，外脆內綿，甜而不膩。生巧克力很特別，平常沒特別愛巧克力製品，但是看餐紙上有推薦就試試，沒想到很不錯，巧克力味道十分濃郁，一入口就化開，甜而微苦的滋味十分迷人。柳橙汁很順口，不會過酸或過甜，但是濃郁度夠，很好喝、很解膩，可惜下午茶用餐時間好短，只能喝到這款飲料而已。海鮮披薩是非常驚豔的一品，本來很怕是種易飽的食物，但是沒想到美味度是讓人眼睛為之一亮的，尤其是餅皮的部分，有微微厚度，吃起來居然是酥脆型，口感特好，搭配很有誠意的海鮮餡料和濃郁的牽絲起司，非常優秀！牛肉派也很棒，就是外面單點的水準，外面感覺也不常看到這個餐點，有特色又美味，派皮吃起來酥香不膩。魚下巴還是一樣迷人，每次來必吃的品項，肉質非常非常細嫩，油潤油潤的，太好吃了。炸蝦也是很有人氣的一項餐點，但我覺得炸皮偏厚，不是我覺得炸皮不好吃，只是我覺得比例再低一點會更好，但是炸皮真的很優秀，軟酥軟酥不油不膩。這次很特別的是有吃到大蝦，吃了大蝦就有點回不去了，肉質很嫩很鮮，喜歡。基本上都沒什麼缺點，我覺得只要巧妙避開人潮，取餐都不太需要排隊，即使用餐的人數很多，唯一缺點就是用餐時間太短了，我想要更優雅地吃啦XDD
Jeffrey Mais,5,(由 Google 提供翻譯) 一個可以吃的好選擇(原始評論) …更多(由 Google 提供翻譯) 一個可以吃的好選擇(原始評論)A great choice for all you can eat
Hans Lin,4,人實在太多座位太多用餐動線卡很久，後面就很空了，呵呵台灣人。
Rex Chen,3,取菜動線不佳，人多時候，沒人引導也沒圍紅絨竿，鮮蝦無蝦子甜味；一餐下來，光是排隊就耗掉約半小時。服務方面倒是還不錯。
曹藍領,5,食材多樣，服務態度好
彭建元,5,除夕菜單棒極了
Kuro Zhou,3,食物補充速度有點慢，幾次去看都是空盤
Yen Li,3,(由 Google 提供翻譯) 太多人(原始評論)太多人
林天相,5,饗食天堂是我很喜歡的BUFFET，吃過的次數也是最多，因為他們的食物種類豐富，且蠻合我家人的胃口。我很愛饗食天堂的原因之一，果汁都是現打的。服務生不停的把新鮮的柳橙放到榨汁機裡，新鮮的柳橙汁就這樣像黃澄澄的黃金瀑布一般的汨汨而出，一整個就是很健康的感覺。還有生啤酒、氮氣氣泡冷飲，不用加價就可以喝到飽。 ⋯⋯更多饗食天堂是我很喜歡的BUFFET，吃過的次數也是最多，因為他們的食物種類豐富，且蠻合我家人的胃口。我很愛饗食天堂的原因之一，果汁都是現打的。服務生不停的把新鮮的柳橙放到榨汁機裡，新鮮的柳橙汁就這樣像黃澄澄的黃金瀑布一般的汨汨而出，一整個就是很健康的感覺。還有生啤酒、氮氣氣泡冷飲，不用加價就可以喝到飽。熱炒的菜口味都不錯，海鮮都很新鮮，還有爐烤肋眼牛排和楓糖豬肋排，看起來很好吃。甜點、餅乾和水果也很棒。
ted,5,(由 Google 提供翻譯) 下午茶，，，也很豐富哦！(原始評論)下午茶，，，也很丰富哦！
RTYU ATUO,3,搶食的氣氛很low！
Robin Pan,4,不錯喔！
Flora Lam,4,"(由 Google 提供翻譯) 易於在Q廣場停車。支付入口的額外位置。您應該提前預訂。它應該是該品牌最受歡迎的餐廳之一。 …更多(由 Google 提供翻譯) 易於在Q廣場停車。支付入口的額外位置。您應該提前預訂。它應該是該品牌最受歡迎的餐廳之一。座位和環境都舒適。食物和飲料的選擇範圍非常廣泛。提供紅葡萄酒，白葡萄酒和起泡酒。也可以使用蘇打水。您可以在這裡享受哈根達斯(原始評論)Easy to park in Q square. Pay extra location of the entrance.You should book in advance. It shall be one of most popular restaurants in this brand.Seats and environment are comfortable. Selection of foods and drinks are amazingly wide.Red wine, white wine and sparkling wine are available. Sparkling water is also available.You can enjoy Haagen daz here"
ewda,5,吃到飽最佳選擇，北車最平價
Beibei Yao,4,交通方便東西很新鮮，服務也不錯適合大小聚餐
Uson Lai,5,📍 饗食天堂 京站店🔹 假日晚餐 $998 (+10%服務費) ⋯⋯更多📍 饗食天堂 京站店🔹 假日晚餐 $998 (+10%服務費)美味：🌕🌕🌕🌕🌗服務：🌕🌕🌕🌕🌗環境：🌕🌕🌕🌕UScore：7.5 (吃到飽第一品牌)—————————————————————自從漲價換菜單，已經快兩年沒吃饗食天堂了饗食的熟食一直以來都還可以，比起漢來海港的熟食好吃很多，饗食>>>漢來而甜點則是漢來>饗食晚餐用餐時間17:30-21:30 (4小時)#沙拉 🌕🌕🌕🌕 (80)#海鮮 #生魚片 🌕🌕🌕🌕🌗 (加權後170)包含生魚片、壽司🍣 、手捲，還能客製化😂新菜色鐵板現煎天使紅蝦、干貝冰鎮水煮白蝦、花蟹、淡菜、五味鮑魚還有焗烤白醬生蠔  運氣很好，一進來就有高級鮭魚腹肉，旗魚、鮪魚則吃了嘴唇發癢，但都比海港新鮮蝦蟹也都還算新鮮，焗烤生蠔真的超鮮美😍😍比起漢來海港臭臭的烤牡蠣真的優秀太多了#熟食 🌕🌕🌕🌕🌗 (加權後170）熟食總類滿多，有日式天婦羅、招牌土瓶蒸、茶碗蒸、酥皮濃湯、港式蒸籠、中式快炒、片皮鴨捲餅、爐烤牛排、火腿、鐵板骰子牛、羊排⋯⋯等每樣都滿優秀的，尤其是鐵板骰子牛，超juicy比起爐烤牛排外乾柴內嫩好吃太多土瓶蒸依舊表現優異😍 酥皮濃湯則出爐就秒殺#水果 🌕🌕🌕🌕 (70)水果種類偏少，也沒什麼在補充，芭樂滿脆的#飲料 🌕🌕🌕🌕🌗 (80)飲料部分除了我最愛的茶包茶飲😆這次升級後大手筆有氮氣飲料😉可惜那個氮氣咖啡有加糖而且太甜了讓我意外的是他的氮氣魚池紅茶，無糖又回甘這次少了現打的西瓜汁果汁多了化學糖漿氣泡飲，可以純喝氣泡水漢來的氣泡水比較好喝😂#甜點 🌕🌕🌕🌕 (加權後140)甜點一直是我對buffet最重視的因為吃到飽除了午晚餐也有下午茶而甜點的好壞最直接影響這家店CP值這次來吃，也多了漢來海港的招牌焦糖葡萄柚可惜這個單點現點現烤的葡萄柚不如漢來好吃另外還有現烤布蕾以及現刨抹茶雪花冰紅豆抹茶雪花冰出乎意料好吃❤️最後的甜點櫃，以前是慘不忍睹，現在也是😂除了荔枝生巧克力以外，都滿ㄈㄣˋ的🤨然後哈根達斯超硬超難挖🙄#服務 #動線 🌕🌕🌕🌕🌗 (90)服務考量到收盤、補貨、態度還有另外加上整體的動線及空間服務員收盤速度超級迅速，服務也不錯動線方面真的是有些擁擠，每桌相隔太近出入都會ㄎㄟˊ到(還是是我太胖？最後的總分是80 (漢來82)結論是熟食、正餐吃饗食下午茶、甜點唯一首選漢來比起飯店平均約1500的價位真的CP值算高———————————————————🌍 台北市大同區承德路一段1號4樓⌚️ 17:30-21:30 (晚餐)延伸閱讀：#台北 #美食 #台北美食 #taipei #taiwan #food #restaurant #popyummy #popdaily #yummy #yummyfood #foodporn #foodie #seafood#desserts #dessert #fruit #drink #buffet #吃到飽
Xin N.,3,吃了兩次 甜點基本上都還不錯，鹹食食材和料理沒有特別突出，吃完覺得ok 但整體價位偏高 CP值還好
Yeo Kai Wen,5,(由 Google 提供翻譯) 甘道夫的聖潔母親。這是我一生中經歷過的所有自助餐的母親。您肯定會在這裡得到所要支付的。肚子空虛的時候，您仍然會發現自己會感到完全腫。服務很棒，食物也一直供應。哇。 …更多(由 Google 提供翻譯) 甘道夫的聖潔母親。這是我一生中經歷過的所有自助餐的母親。您肯定會在這裡得到所要支付的。肚子空虛的時候，您仍然會發現自己會感到完全腫。服務很棒，食物也一直供應。哇。(原始評論)Holy mother of Gandalf.This is the mother of all buffets I have ever experienced in my life. You definitely get what you pay for here. Come with an empty stomach and you will still find that you will leave feeling totally bloated. Service is great and the food just keeps being served. Wow.
劉明宗,3,食材多樣，消費中等，服務親切禮貌！
小福,4,菜色多樣，餐點精緻好吃。
許筱琦,5,餐點豐富
李安潔,4,食材種類多，適合聚會！
Freya Shih,5,吃過超多次，改了菜單之後又更喜歡了
vanessa sung,3,(由 Google 提供翻譯) 食物很多(原始評論)食物很多
酒醉仙,3,食物蠻一般的，晚餐價位偏高！用餐環境舒適，聚餐的好地方！如果價錢能便宜點的話！
楊山明,3,(由 Google 提供翻譯) 美食的好地方！環境很好！(原始評論)美食的好地方！环境很好！
海綿,4,餐點都還不錯
warnoto rahma,5,(由 Google 提供翻譯) 就像餐廳(原始評論)like is restaurant
林偉立,5,以這樣價位 CP值真的很高！料理手法精緻不馬唬 口味也都蠻道地“且京站店比其他分店的菜色還多…
張明維,5,還不錯吃喔！
謝依玪,5,非常超值，食材選擇多樣化，服務親切。
舞姬,4,交通便利，食材新鮮美味，價格合理
hendrik tamrin,4,"(由 Google 提供翻譯) 食物還可以，服務還可以，價格合理(原始評論) …更多(由 Google 提供翻譯) 食物還可以，服務還可以，價格合理(原始評論)Food ok,, service ok,, price reasonable"
曾文善,1,很槽糕 定了晚上7點30分的位置 到了現場居然告知因為上一場有團體用餐延誤還在用餐 所以我們訂晚上7:30算是報到 現場候位 然後不知道要等多久  但是用餐時間還是一樣到9:30 我問他們那要是9點才給我位置 那怎麼辦 真是一個扯 團體客人的客人權利大於一般訂位客戶！？一間這麼大的集團餐廳 搞不好客席管制 慘
陳英挺,5,(由 Google 提供翻譯) 好吃(原始評論)好吃
Kristina Chen,5,(由 Google 提供翻譯) 大推的店家(原始評論)大推的店家
Lee Lala,1,CP值低 補菜速度慢 餐廚人員態度都沒很好 甚至不耐煩 應該是職業倦怠？不值得這價位
JASON CHEN,5,(由 Google 提供翻譯) 超值(原始評論)超值
S.H Emily,1,服務不好
la la,5,👍蛋糕甜點區👍焦糖葡萄柚區👍這2位男服務人員親切有禮貌👍排隊拿餐點過程讓人感覺很好😊用餐心情很愉快👍好的服務人員值得大推讚美👍
許柏凱,5,超棒的地方  每次都滿足
YP C,2,午餐1點左右裝咖啡熱開水的杯子就全用盡了，直到2點用餐結束，都沒瓷杯可拿，見很多人只得用玻璃杯裝熱飲，我們因此想喝熱茶都沒喝到。湯品鹹淡適中。牛排、切片鴨肉好吃。鴨肉麵線口味不錯，裡頭的鴨肉硬不夠軟。配德國豬腳的酸菜，完完全全是平淡無味。
Tina Yu,3,這地區buffet的選擇地方
peter leung,4,質素佳，種類多 !
迪奇迪奇,4,食材多樣 價位可以不要在一直調高就好
PASU,3,(由 Google 提供翻譯) 有啲失望(原始評論)有啲失望
Pro Cat,3,生魚片、日式炸物好吃，螃蟹也不錯，沒有腥味，有吃到飽少見的氮氣茶飲，喝起來很特別。水果補得非常慢，但是除了瓜類正常，其他非常酸，蛋糕跟生巧克力死甜，難以下嚥。
山下住久,4,食材豐富！有我最愛的透抽生魚片！還有沙瓦喝到飽！ cp 值中上！
戴美雲,4,這裡有各式料理，吃到飽，隨意的拿自己喜歡的食物。冰品。
Nelson Chung,4,性價比高，值得一試。
林宏隆(隆老),1,"以刷卡結完帳發現有優惠券可買,但事後服務人員不給退刷,導致無法使用優惠券購買,希望加強人員教育訓練另外~排骨太硬,害我同事牙齒斷裂"
湯傑,5,特色餐點不錯
惠小昭,1,12/17經許多友人強烈推薦，一定要來嚐鮮一下，才真的體會什麼叫饗食天堂，晚宴在服務人員與精緻可口的美食饗宴下，感受到用餐愉快！用餐約一段時間，服務人員笑容可掬詢詢問確認人數時，曾兩度詢問10張餐卷優惠方案，被告知無法於使用，結帳後於21:15詢問報到結帳櫃檯人員，如何能以購買餐卷折抵，而本次為何無法使用，該櫃檯人員某先生如此回應：若顧客於結帳前購置電子餐卷，本日結帳可立即使用，但服務人員不會主動向客人推銷餐卷，唯本次已過百貨公司結帳時間，無法銷沖重結。 ⋯⋯更多12/17經許多友人強烈推薦，一定要來嚐鮮一下，才真的體會什麼叫饗食天堂，晚宴在服務人員與精緻可口的美食饗宴下，感受到用餐愉快！用餐約一段時間，服務人員笑容可掬詢詢問確認人數時，曾兩度詢問10張餐卷優惠方案，被告知無法於使用，結帳後於21:15詢問報到結帳櫃檯人員，如何能以購買餐卷折抵，而本次為何無法使用，該櫃檯人員某先生如此回應：若顧客於結帳前購置電子餐卷，本日結帳可立即使用，但服務人員不會主動向客人推銷餐卷，唯本次已過百貨公司結帳時間，無法銷沖重結。友人質疑若可以使用電子餐卷，是否請該先生可以協助！該先生明確表示回應如上，無法就是無法，也回應了無所謂的態度。有強烈推薦顧客下載APP可享有優惠，但卻不明確回應顧客提問的滿意度，顧客會比你們更清楚哪些優惠方案可使用嗎？對應回覆的情形著實令人失望，餐點與服務，很棒！因為吧台廚師會推薦餐點，桌邊服務人員會留意客人用餐動向，給予椅套及即時清潔桌面的服務，唯結帳人員態度不討喜，建議貴餐廳好好加強，再請各位饕客自己評估。
Jenny Kao,5,東西超多，位子也舒適
Eason Wu,1,"12/17晚上一行人用餐，官網有電子券的十人券優惠，結帳時不段重複詢問是否可以直接購買電子券支付，但是服務員卻直接告知不行，直到最後再次詢問櫃檯人員，櫃台人員說是可以直接購買電子券支付，想要退刷以電子券支付，但店家一直強調京站大樓入帳的關係所以不能退刷交易，最後對櫃檯反映這會影響我再次消費的意願，櫃台人員居然立即回應""無所謂""......"
Jimmy Chan,1,"12/17晚上去用餐，服務櫃台人員態度不佳，反映一些問題都推至京站管理中心，櫃台人員無法回覆，這就奇怪，管理中心跟饗食集團有啥關係??為何要賴在管理中心的規定，饗食的櫃檯還說他無法代表公司處理問題，這就更奇怪，既然無法代表公司，為何要坐在服務櫃台內卻無法服務並妥善處理客人的問題反映??最後對櫃檯反映這會影響我再次消費的意願，櫃台人員居然立即回應""無所謂""，這....(請管理層調閱當日晚9點初的櫃台監控查閱)。"
charles chen,1,昨晚一起去消費，九點左右離開，發現官網有電子券的十人券優惠，離開前想要退刷以電子券支付，但店家一直強調京站大樓入帳的關係所以不能退刷交易，最後只能以原價的方試支付。讓人不會想要在次前去的消費的意願。
許曉蓓,5,東西很多又好吃新鮮衛
陳伯之,3,食材吃完很多都沒補，例如白蝦從十二點半到一點半都只剩冰塊，鴨肉也是，如果不是生魚片新鮮美味，很想只給兩星
Peggy佩青,4,(由 Google 提供翻譯) 食物好吃!(原始評論)食物好吃!
Hua,1,52人數訂位只給了50人座位 桌間距離擁擠行動不便  服務員收拾盤子還得客人自己端上前
TAWEI YEH,4,食物種類相當多， 只可惜是， 蟹類的腥味較重，蝦類較新鮮。另外服務人員相當客氣
suliven Chen,4,場地大菜色多，烤物裡烤魚下巴及烤蝦蠻好吃的，熱炒區則推辣炒螃蟹，至於日本料理區的生魚片及握壽司種類不少且都有一定水準，而螃蟹除了一般都有的小三點蟹外居然有別人沒有的麵包蟹，蟹裡滿滿的蟹黃，千萬別忘了取用，另外鐵板區的骰子牛相當好吃是一定要拿的一道菜且這區還有現點現做的羊排及天使紅蝦別忘了拿，飲料類除了各種果汁咖啡熱茶調酒啤酒外還有數種口感綿密的氮氣飲料 ⋯⋯更多場地大菜色多，烤物裡烤魚下巴及烤蝦蠻好吃的，熱炒區則推辣炒螃蟹，至於日本料理區的生魚片及握壽司種類不少且都有一定水準，而螃蟹除了一般都有的小三點蟹外居然有別人沒有的麵包蟹，蟹裡滿滿的蟹黃，千萬別忘了取用，另外鐵板區的骰子牛相當好吃是一定要拿的一道菜且這區還有現點現做的羊排及天使紅蝦別忘了拿，飲料類除了各種果汁咖啡熱茶調酒啤酒外還有數種口感綿密的氮氣飲料甜點及水果則是種類相對較少的類別但是品質都有相當的水準，唯一我覺得需要改善的是餐點的補貨速度，很明顯的跟不上客人取餐的速度.......
挑嘴美食家,1,就依這個價位及美味度，cp值低，食物少人很多，還不一定吃得到，不然就是要在原地等5-10分鐘才能夾到！
Victor Lee,4,(由 Google 提供翻譯) 很好吃(原始評論)很好吃
吳世豪,4,"交通便利,菜色多樣,以台北市來說,價格還ok,美中不足道是,座位嫌小了點"
柯佳君,5,服務好，加入會員有壽星優惠，好吃
謝芸蓉,5,(由 Google 提供翻譯) 好吃(原始評論)好吃
劉小翠,5,食材新鮮，服務人員親切，很好。
Jason Smith,5,"(由 Google 提供翻譯) 大量選擇的食物可供選擇。成本非常合理，僅為40新西蘭元。沒限制你可以待多久。精選肉類，海鮮和素食。(原始評論) …更多(由 Google 提供翻譯) 大量選擇的食物可供選擇。成本非常合理，僅為40新西蘭元。沒限制你可以待多久。精選肉類，海鮮和素食。(原始評論)Massive selection of food to choose from. Cost was very reasonable being only $40 NZD. No limit how long you can stay for. Great selection of meats, seafood and vegetarian food."
Allen Chang,5,食物很棒 價錢也不貴 很推
chris chang,5,好吃 不會讓人感覺吃粗飽
王惠君,5,(由 Google 提供翻譯) 棒棒(原始評論)棒棒
潘子朝,4,精緻
주희재,4,(由 Google 提供翻譯) 好自助餐(原始評論)부페치고 가성비좋음
Y.Y C,5,食材選擇多樣化
hsi-chun Ho,3,(由 Google 提供翻譯) 交通放方便(原始評論)交通放方便
Claire Shen,4,兩三年前在饗食天堂板橋店吃過一次，吃的當下完全找不到下次再來的誘因，所以從此列入拒絕往來戶。今次剛好有機會再到其京站分店，吃了之後完全改觀，整個美味等級與先前的板橋店體驗有天壤之別，尤其天使紅蝦，非常入味。骰子牛口味也很不錯。現在的炸蝦都比較小隻，但也不失其美味，網路評論有三種口味，這次只吃到最原始的味道。蛤蜊湯的蛤蜊很大顆，下次來會再點。霸王蟹殼的蛋也很好吃，但是蟹肉都略顯乾柴，扣一分是給螃蟹，蟹肉口感不優，跟外面的好吃程度差蠻多。整體吃起來很美味，會再來。
홍은선,5,"(由 Google 提供翻譯) 這很美味。我吃了很多螃蟹，甜點很好吃。(原始評論) …更多(由 Google 提供翻譯) 這很美味。我吃了很多螃蟹，甜點很好吃。(原始評論)맛있어요 꽃게 많이 먹고 디저트가 좋네요 그래도 가격은 쎈편 주말저녁은 2명이서 88,600원정도 결제 했어요"
Caroline Lin,5,場地大東西也好吃 價位跟 其他吃到飽餐廳比起來 不貴 京站裡面有停車場 捷運公車都可到很方便 適合全家大小都一起來
周宗武,5,不賴！
何秉翰,3,品質有下降
黃信華,3,舒服，吃完飯後附近地點又好逛
Tarsis Flower,3,一般 沒有什麼精品的食材
于錢錢,5,菜色棒，海產新鮮，價位中等 ！
艾達,5,東西非常好吃，也非常滿意今天的用餐狀況，下次有機會會在才光臨的，今天造成困擾，非常抱歉
Sajae Placetas,4,(由 Google 提供翻譯) 很多美味的食物都排成一列。中國大陸的中國食物超過一半不適合，但它們都很美味。不幸的是，價格很高，但如果你在台灣旅行，我們建議你停下來一次。 …更多(由 Google 提供翻譯) 很多美味的食物都排成一列。中國大陸的中國食物超過一半不適合，但它們都很美味。不幸的是，價格很高，但如果你在台灣旅行，我們建議你停下來一次。(原始評論)美味しい食べ物がいっぱい並んでいます。中国本土の中華料理は口に合わないところが半分以上ですが、こちらは全部美味しく食べられます。値段が高いのは残念ですが、台灣旅行のお方は少し無理をしてても一回寄るのをお勧め致します。
Joe Shen,4,自從漲價之後，人變少了很多，菜色還是跟以前一樣，我還蠻喜歡的。
戴永慶,5,就是要吃到飽
Kelly Lin,3,食材多，但是烹調方式不合我的胃口
Kevin Yang,5,(由 Google 提供翻譯) 假日下午茶👍(原始評論)假日下午茶👍
林寶國,3,連鎖吃到飽餐廳。收空碗盤的速度算快~
Wenchieh Liao,3,嘈雜
黃崇德,5,家庭聚餐、情人約會……大大小小聚餐好地方
王丹,4,用餐環境佳，食物品項多精緻，但價格稍貴，平日用餐如果是650元還能接受
Lee Chang,5,琳瑯滿目的各式美食，享用後令人回味無窮。
金晨,4,新鮮
蝦咪娟,4,愛吃到飽的路過不要錯過，東西多樣但不粗糙，烤蝦肉質Q彈不乾柴，有驚艷！動線流暢，食材分區清楚，走道寬敞、燈光明亮、越吃越精神！呵呵！
Cathy Pan,5,(由 Google 提供翻譯) 食物好好吃呦！(原始評論)食物好好吃呦！
學良高,3,(由 Google 提供翻譯) 普通(原始評論)普通
謝媽咪,3,菜色一般，和收費不成等號，少了些較精緻的餐點和菜色，蛋糕飲料也少了些，價格上漲，品質沒跟著升級，
香豆腐,5,除了生魚片略帶筋外，其他種類的食物都好吃，魚下巴、炒淡菜、蛤蜊湯、拔絲芋頭、荔枝巧克力
#NAME?,5,(由 Google 提供翻譯) 海鮮配菜(原始評論)해산물 개싱싱
方惠禎,4,菜色符合我的口味，功夫炒飯真的好吃，吃的好飽，服務也很好
泰鈴靈素素,4,服務很好 餐點也還可以推薦再去一次
沈昆聰,4,"個人推薦現切牛排,豬腳,螃蟹,明蝦,日式生魚片,調酒另外還有海陸炒飯,有泡沫的無糖紅茶..缺點是有點貴,午餐一人要790"
立亥國際洪光群,5,精緻好吃
轉角愛,5,很多樣化的菜色，吃到飽很划算。
Moris Cheng,5,菜色豐富選擇多
鄭伯峰,5,價格有點越來越貴的趨勢，之後可能會考慮價格
sh liang,4,服務人員態度都很好，辛苦了。
陳鈺沛,5,食物選擇非常多
楊心瑜,5,(由 Google 提供翻譯) 很多美食。 。(原始評論)很多美食。。
Ma珮瑜,4,補餐速度慢
吳進財,3,餐點還不錯，只是用餐空間有點擠，桌子跟桌子的距離，有點近兩邊坐下後已經沒有空間，裡面的人要出來，旁邊2位要先起來裡面的人才可以出來，這點比較可惜
張育綸,5,好吃，服務很好
黃炳彰,5,(由 Google 提供翻譯) 食物好吃，cP值高(原始評論)食物好吃，cP值高
紀鈞凱,4,週四下午茶時段人比較少，我喜歡。
趙小斳,3,平均每年吃一次      感覺比漢來海港差了點   吧台師父  不太親切
HUNG,5,餐廳人員很親切
Code C,4,還是一樣貴 不過食材不錯
鍾茱迪,4,交通方便食物多樣化上台北小聚時，一個不錯的據點
Sun Patrick,4,地方非常寬敞，菜色種類超級多，有生魚片。但是價格也超級貴，一個人要 900 元！
Pan,2,10/15晚餐消費，有調酒喝東西就與知名buffet差不多但店小選擇好像沒那麼多、尤其甜點區少的太令人失望，麵類跟飯類只有一種，人員服務與其他知名buffet相較態度跟積極度略遜一籌，當天我問一女服務員請問麵有沒有沒辣的，那女的看另一個女服務員，兩個對看笑了一下跟我說沒有，好像我很傻一樣，因為小孩想吃麵類但又不能吃辣，有疼小孩心理不對嗎？這樣的舉動讓我感到非常不舒適，下次也不會再去消費
王陽國,3,肉還行，海鮮普普
David Chen,4,自助吃到飽，覺得還不錯啦，可是稍微輸漢來海港一點點
王小桂,5,服務態度好！東西也好吃!吃到飽的能有這樣的品質真的物超所值
2cheneny,5,食材豐富美味可口，經濟實惠用餐選擇！👍👍👍
歐懿慧,5,料好實在，不怕你吃，吃完了立刻補齊，海陸青菜生魚片甜點冰棋淋酒精飲料都有，外場人員顏質高
姜潔米,1,家母去用餐後，表示蝦子蝦肉軟爛、生蠔更是不新鮮到難以下嚥，還是店員給他紙巾吐出的！一個有名的餐廳怎麼會海鮮品質這麼粗劣，就算只想賺消費者一次錢好歹也用一般品質的東西，怎麼會放幾乎不能食用的食材呢？家母回家後腹瀉不止，開開心心去吃飯後得到這種用餐經驗真的非常差勁
Vic Chou,4,不錯，但人多，要等
Bear Black,5,(由 Google 提供翻譯) 朋友家人聚餐的好所在(原始評論)朋友家人聚餐的好所在
楊雅瑩,2,於用餐尖峰時間 補食材的速度非常慢，都等了一會還是沒有要補。服務人員與客人對答方式很差... 收桌人員都會忽略我的桌子兩次才會收桌...
孟祥霖,3,不怎麼好吃
Ricky Chang,5,有一些特色菜還不錯
Rick Wang,4,(由 Google 提供翻譯) 交通方便(原始評論)交通方便
Kate Wang,5,很驚訝這裡居然有供應麵包蟹（玫瑰蟹/霸王蟹）！距離上一次吃已經5678年了，菜色豐富而且口味還不差，只是那天坐在螃蟹旁邊的一桌阿姨在螃蟹一出來就掃光，真的很幸運跟家人還拿到找一盤，不過真的很運氣啦！
Alice Tang,4,種類變少品質也差了一點
QQBoxy Huang,4,整體的食物品質不錯，其中蛤蜊湯很好喝，美中不足是焦糖葡萄柚被拿完等了比較久。
陳家,4,環境很好
范宜芳,3,公司同事們一起來此聚餐吃到飽種類還不少很不錯
Meg Yang,5,食材新鮮超澎湃~非常敢讓你吃就怕你吃不完😁😁😁
周明徹,3,不用喝酒 ，同學聚餐的好地方
Jason Wu,5,食材新鮮，收桌快速，物超所值
Cristina Wang,5,餐點美味，吃過多家饗食天堂，特別推薦的是大直店和京站店，員工比較積極
蔡欣澐,1,我覺得還好 每有很驚艷 而且覺得超貴 不值 後來我去吃別家漢來海港的buffet超好吃又比這家便宜  而且會補東西 不像響食 大家搶完一次就不補了 超爛的  漢來海港的甜點跟熟食都超好 如果不吃海鮮有很多選擇 他那邊也有很多海鮮  饗宴對於不吃海鮮的人沒有其他太多選擇  肉也還好 有點乾  吃完沒什麼好吃的感覺 男友也說海鮮沒有很好吃不新鮮
張進宇,4,服務親切食物可口好吃，只是海鮮類視乎不新鮮特別是螃蟹，其餘都是蠻好的，適合闔家聚餐的場合。
Shelinna CHEN,3,隨時都是客滿，必需訂位。
林唯溱,5,非常棒，菜色種類非常多，在京站，交通也非常方便。
賴美鳳,5,菜色多適合全家共享
Sharleen Yu,3,菜色變弱了...
Shin shang,3,漲價後cp值變低
s 102410,1,聞名而來卻讓我大失所望。餐點一下子就被拿完了，補餐點速度又超慢，想吃的菜遲遲不出！料理種類很少就算了，就連飲料杯架都空20分鐘還沒有乾淨的杯子補上來，真的很誇張！不知道是當天的員工問題，還是京站店的問題，還是響食天堂都是這樣，總之9/22中午時段這餐我吃的體驗差到爆炸！之後有人問我響食天堂如何，我一定極力勸退他們！
Summer Cat,5,煮蛤仔湯、螃蟹湯的廚師很親切！！！會跟顧客互動～讓人備感親切～請幫忙鼓勵加薪 xdd
楊凱翔,5,跟一些飯店內的buffets比起來算便宜一點點，東西多樣，食材也不錯～
Eleven Kin,5,幾乎每個月都會吃
chichih kao,5,菜色多，最重要是有素食菜單，而且還不錯吃
林明輝,3,下午茶人少限二小時
Maggie Wei Wei,5,(由 Google 提供翻譯) 最喜歡的商店(原始評論)愛店
保羅保羅,4,(由 Google 提供翻譯) 好吃(原始評論)好吃
Chengtai Pang,4,馬馬虎虎
Vincent Hsu,5,大推~剛吃過探索.六福...響食簡直完勝。CP值超高，大推推推~
Yu-Wei Chien,2,從櫃檯至進場時的服務人員素質有待改善，連收餐人員態度都比前台及帶位的好！服務人員多為年輕人，服務要多加強！取餐動線太狹窄不順暢，拿餐都是戰戰兢兢！跟大直店的高素質，京站店要多加強
蘇珍,5,家族聚餐好去處 蛤蜊湯超鮮美 烤布蕾也讚 環境衛生
陳俊男,5,也不錯
朱雅麗,2,昨天中秋來京站吃，結果大家一致反應東西少，又不好吃，走道擁擠，排隊等天使蝦干貝等半天輪到我們已發完要再等一次，而且餐廳燈光昏暗，吃飯不是西餐廳不須要這麼暗吧！感覺同樣是饗食天堂小遠百跟ATT坐位不會如此擁擠，也比較挑高吃的不會那麼不順暢，價位偏高食材要再加強，要不然有失水準
danny wang,4,以吃到飽來說是好吃的只是現在價位也太誇張了吧這種價位  其他的選擇很多
黃素蘭,4,菜色花樣多 好吃不粗糙空間動線好 服務員親切 ⋯⋯更多菜色花樣多 好吃不粗糙空間動線好 服務員親切Ps我只有一個人又很早去卻被發配邊緣地方 感覺不是很好
賴妤韓,3,沒冷氣吃的很熱場所不推
江宗明,4,聚餐談天的好地方
Peter Fong,5,上一次過來已經半年了，發現菜色烹調進步了，也更好吃了！鮭魚生魚片，也不再吝嗇擺幾片在盤上，而是幾十片幾十片的放著！說真的，今天吃的很過癮，很開心！會多找朋友一起過去用餐聚會！
King Yu,4,"(由 Google 提供翻譯) 很大路的自助餐, 特色的不算多, 但仍可以一去(原始評論)很大路的自助餐, 特色的不算多, 但仍可以一去"
黃君君,5,吃過吃到飽的餐廳中，最喜歡饗食天堂的餐了
chang vanessa,3,服務人員態度親切。只可惜，食物的美味度還有進步空間，沒有讓人印象深刻覺得美味的食物。海鮮新鮮度也有待加強，家人吃完回去有拉肚子。
Emma Wong,4,服務好，味道不錯，有天使紅蝦，奶油蟹現作，但感覺精緻度還不夠，平日也一堆人，有排隊吃飯的感覺，位子間距離很窄
梁偉賢,5,調酒非常好喝！
Rock Hsu,5,「饗食天堂」京站店有專屬的報到櫃檯，電話或網路預約客人先在此報到領取號碼牌入場；而現場候位的客人則先登記再等候叫號，兩種客戶分流以減少等待時間，這點倒是滿貼心的服務。餐廳設置了近400個座位席次，空間與動線規劃井然有序，即使滿座也不會覺得過於擁擠，加上台北車站交通方便，很適合情侶約會、同學會、生日慶生、公司/家族聚餐。
shentzer,4,"品項多,食材新鮮"
Chi Wang,5,刷卡效率低，信用卡拿了不趕快刷，好棒！
AP妤,5,服務良好
Meiching Lai,3,果蠅多
Victor Yuen,5,食物多元化，環境舒適，實為行完商場後，肚子餓了必到享受美食的地方。
Kao Kulu,4,收菜盤速度有點慢 桌上堆了一堆好久才來收
11404 happy,5,用餐環境舒適，飲料好喝!
Ho Steven,4,東西多  選擇多 吃的很稱  價位偏高
蔡卓璉,5,甜點很好吃
Clouder Wang,5,食物選擇繁多還有調酒可以選擇蠻推薦的老牌自助餐
林天來,4,菜色多樣
Su Huang,2,水準變低。
Peter C,1,主打串燒 從頭到尾只看過一次串燒
蔣懂,4,好久沒吃了飲料升級，價格也升級
EMMY FLOWER,1,空氣糟温度差人員趕下班清潔作業 ⋯⋯更多空氣糟温度差人員趕下班清潔作業以後請説營業至9點吧再也不想來！！！
frank chiang,5,下午茶還不錯，服務人員很親切，廚師們也很棒
mayy meii,3,還不錯
微風,5,東西選擇很多
Pinsi Lin,4,地點方便，食材新鮮，尤其是海鮮
王健智,3,熱食多樣多風味可選，甜點蛋糕也很多，出餐快，但一次出的量不多，還是要用搶的。。。或是等約5-10分鐘，服務員、調酒師、廚師服務上都還在水準，沒讓人太過失望座位安排也不錯，會在訂位時詢問是否要提供兒童座椅整體給82分
王任旭,4,其實吃的不多
林修峰,1,開去的所有車子必須跟著發票同時走不合理，我話還沒講完服務生就離開叫回來又同樣，態度極差
嚴夷香,4,覺得饗食天堂的分店，這間最好吃 服務也很好 狗寶貝還可寄放櫃檯，真貼心
YI,3,食物不錯但環境很吵雜
Cedric Wang,4,海鮮吃到飽，超級幸福。
Sam,4,(由 Google 提供翻譯) 種類多，好吃！真好吃 …更多(由 Google 提供翻譯) 種類多，好吃！真好吃(原始評論)種類多，好吃！너무 맛있어
Jack Kuo,4,氣氛好、食物佳。
VS Lin,5,非常好吃！服務一級棒！
王秀娟,3,感覺普通，CP值不高
阿不,5,生魚片好吃，位置舒適！
李先生,5,這是我最喜歡的地方，每個月都會叫我女兒訂一次來享用美食！中西日式的食材，美味的燒烤，與酥脆的小西點，各式的飲料與酒，讓人盡情享用。讚！
程朋,5,食物選擇性多，又美味
陳楷喆,4,位子蠻多的走道稍微擁擠不過整體舒適度還蠻不錯的
zero,3,"口味選擇沒什麼變化, 價格倒是一直漲"
林易德,2,味道不差，但八點進場，八點半東西就陸陸續續在收，九點東西剩一點點，沒什麼東西可以吃，建議這時間點就別吃了，花錢沒東西吃不划算
張峻,5,非常有水準的一間自助餐店，價格稍貴但菜色品質很好。建議事先預約否則會沒位子
凌婕瑜,2,服務好，但餐點品質整體來說很令人失望，生魚片、握壽司吃起來很普通，茶碗蒸裡面居然吃到塑膠紙、土瓶蒸喝起來沒什麼鮮味，現切的牛肉、烤鴨、豬腳品質也很乾柴，甜點更是重災區，每一樣都甜到吃不出味道，超級破壞食慾。 ⋯⋯更多服務好，但餐點品質整體來說很令人失望，生魚片、握壽司吃起來很普通，茶碗蒸裡面居然吃到塑膠紙、土瓶蒸喝起來沒什麼鮮味，現切的牛肉、烤鴨、豬腳品質也很乾柴，甜點更是重災區，每一樣都甜到吃不出味道，超級破壞食慾。唯一值得稱讚的只有現煮的蛤蜊湯、酥皮濃湯、披薩、炸蝦是好吃的，現調的日式沙瓦也還不錯，除此之外都很糟，完全不符這個價位該有的水準，其他分店也沒那麼糟糕，請好好改進，謝謝。
游振煌,3,食材普普通通 還能接受 價格越來越高
R ae,4,有壽星有優惠的樣子！
吐司大仙,4,積極處理顧客反應
Kin Fan Chau,5,(由 Google 提供翻譯) 食品很多選擇，味道不錯丫(原始評論)食品很多选擇，味道不错丫
陳姿姿,4,酥皮 搭配 巧達濃湯 根本人間美味啊！焗烤生蠔根本太好吃啦~~~~~~~~晚餐種類更多樣化，根本吃到你飽到後腦勺啊！
una chen,3,收拾餐盤服務員不錯！有些客人小孩在取餐區亂跑，似乎要有人勸導。小遠百的饗食天堂取餐區，感覺菜色較多。
林貞靜,5,單位聚餐-搭捷運在捷運台北車站下車後走到京站時尚廣場0️⃣1️⃣搭捷運，到捷運台北車站，下車後先查看「位置圖及轉乘資訊」確認所在位置；要往M1️和M2️方向。0️⃣2️⃣查看出口資訊，確認M1️和M2️方向。 ⋯⋯更多單位聚餐-搭捷運在捷運台北車站下車後走到京站時尚廣場0️⃣1️⃣搭捷運，到捷運台北車站，下車後先查看「位置圖及轉乘資訊」確認所在位置；要往M1️和M2️方向。0️⃣2️⃣查看出口資訊，確認M1️和M2️方向。0️⃣3️⃣依指標，往市民大道、台北轉運站、京站方向。0️⃣4️⃣上手扶梯後，依指標迴轉，往市民大道。0️⃣5️⃣往M1️和M2️市民大道方向繼續前行。0️⃣6️⃣再次查看「位置圖及轉乘資訊」，確認所在位置。0️⃣7️⃣往左上方，走上一小階樓梯，往台北轉運站和京站0️⃣8️⃣京站時尚廣場0️⃣9️⃣️京站時尚廣場1️⃣0️⃣很多人等在鐵門前1️⃣1️⃣原來京站時尚廣場還沒開門1️⃣2️⃣4樓饗食天堂
S C,3,菜色很多，氮氣冷萃的飲品很推薦，服務的態度很好。
GAM Lin,4,菜色很多，服務態度好，吃的很飽。
郁凱黃,3,還可以
Vincent Liu,3,餐飲選項多是優點
林辛群,4,記得先預約
Jeannette Wu,3,現在的食物較以前的少很多，補充的很慢
candy chau,5,"美味,超值,服務人員非常友善及專業！"
吳崇民,5,(由 Google 提供翻譯) 好吃(原始評論)好吃
陳育銓,5,東西多又好吃
美朱潘,4,室內溫度  有點熱！生魚片~很新鮮！
呂秋虹,5,美味，種類多
Coco Coco,4,座位超擁擠希望能改善食材很豐盛 收盤速度快
王騰鋒,5,美食餐廳，服務好氣氛佳
Nick,5,空間寬敞食物選擇性多，鴨肉、生魚片、蛤蜊湯必吃
林勻農,5,東西好吃，多樣，服務好
chichi lee,4,價格高了些600元合理。
張文森,4,好吃不膩，每個月一定來嚐一次！
S Tsui,5,去的當天是吃晚餐，儘管是平日，人潮依然有點多，但店內的動線設計還有補餐點速度都相當優秀，不會讓大家擠在一團，或是等待某項餐點太久，漸層飲料也有分酒精&無酒精，甜點類種類蠻多的，巧克力系列都非常的好吃，讓人想要一口接一口，一盤接一盤。但他們的烤布蕾比較普通，容器比較偏寬扁，口感上比較空虛，味道整體偏甜，個人偏好布蕾微甜就好，不然跟上面的焦糖一起吃會變得太甜，其他的主食類食材都很新鮮，牛肉切片也給的很大塊，廚師還會建議搭配的醬，服務態度親切，座位空間寬敞，會用袋子套住客人椅背上的 ⋯⋯更多去的當天是吃晚餐，儘管是平日，人潮依然有點多，但店內的動線設計還有補餐點速度都相當優秀，不會讓大家擠在一團，或是等待某項餐點太久，漸層飲料也有分酒精&無酒精，甜點類種類蠻多的，巧克力系列都非常的好吃，讓人想要一口接一口，一盤接一盤。但他們的烤布蕾比較普通，容器比較偏寬扁，口感上比較空虛，味道整體偏甜，個人偏好布蕾微甜就好，不然跟上面的焦糖一起吃會變得太甜，其他的主食類食材都很新鮮，牛肉切片也給的很大塊，廚師還會建議搭配的醬，服務態度親切，座位空間寬敞，會用袋子套住客人椅背上的外套以免氣味或是食物沾染上去，非常的貼心！
CHING TSE HE,3,沒有特別好吃
Feng She,4,這次去菜色有變化
淯博實業有限公司,5,好吃的吃到飽美食！人多到要排隊！
口合口合,5,菜色還可以
禎子,3,沒想像中好吃
賈桂琳,3,切德國豬腳的服務人員態度不是很好
Saggy Tu,5,餐點品項滿多樣化的 生魚片好吃！
再生小強,5,(由 Google 提供翻譯) 好吃(原始評論)好吃
Patricia Han,4,餐點豐富好吃
Sergey Zhidkov,5,"(由 Google 提供翻譯) 優秀的自助餐，美味的甜點👍(原始評論) …更多(由 Google 提供翻譯) 優秀的自助餐，美味的甜點👍(原始評論)Excellent buffet, amazing desserts 👍"
自由自在,4,中西式吃到飽餐廳。
Su Hsia Chan,5,不用擔心要吃什麼，各取所需，種類超多
梁宇君,4,還不錯，人蠻多的
蔡鋼彈,4,夏天和冬天的菜色相比略為遜色。海鮮新鮮，甜點也很多樣，調酒是特色。缺點就是水果，新鮮但不夠高級與甜美。
吳思儀,5,種類很多 東西新鮮 服務超好
何景川,4,＿甜點多樣化，好吃
潘冠錡,4,豬腳好吃
張哲綱,1,服務不錯 但美味程度普普 骰子牛我以為是在咬皮鞋或橡皮筋呢 聞名不如見面
CAROL LI,5,有人贊助就是讚
陳淑娥,4,菜色新鮮，變化多端
韓冰冰,4,吃的真的超飽的，沒騙人
Andy Hung,4,2019-06-乾淨迅速明亮
陳韋賓,3,蠻普通的 同樣價位我會吃別的
江卓儒,5,很多選擇，聚餐的好地方
臻臻,3,菜色相當多樣，但以這個價錢來說CP值不高，很多菜色吃起來都相當普通，唯一覺得不錯的是蝦子、甜點以及冰品，前陣子吃到的芒果跟珍珠奶茶雪花冰都還不錯。
Joyce Kao,3,人多菜色與食材雖與內湖店相同但推薦內湖店
sugarplum,3,東西不差，但是帶位的女生態度不太好，如果不是朋友請客不會考慮去吃，因為我們是快一點才進去，但是兩點才快到，一直催著我們走，至少也讓我們把盤子的東西吃完吧，我們當時也沒有再拿食物來
Laifu Chiangmai,4,冷氣不冷，坐位太小，服務不錯.
alvin Yao,4,吃很飽……要努力的運動了！
Joe Chou,1,食物好吃。但是這個當班的結帳人員態度很差。
Smally Yu,5,(由 Google 提供翻譯) 太多美食了，但肚子吃不下。(原始評論)太多美食了，但肚子吃不下。
呂佳玲,5,我們是5月13號晚上17點30分1個小孩3個大人去吃的！東西很好吃也很喜歡下次還會在去消費呢！5月13號去吃沒有吃到炒冰下次去一定要吃吃看呢！
Yinping,4,稍微擠。
Jean Hsue,4,可能有五年以上沒來了，記得以前普普，這次發現大有進步，食材不馬虎，雖然價格也不算低，但跟某些大飯店比，口味及食材算不錯了！
Ting Chang,2,燙青菜裡有菜蟲= =  服務員處理態度冷漠
王彥荏,5,有進步，東西變好吃很多，收盤速度快，東西新鮮，拿食物的走道大且寬敞。
李冰冰,3,大眾口味，沒有很精緻
Budianto Wijaya,5,(由 Google 提供翻譯) 非常美味(原始評論)Very delicius 👍👍👍👍👍
李麗娟,4,這兒的餐點料理的非常合呼大眾的口味！蝦的料理好美味蝦身份量夠大，又可無限量的享用！甜點是我的最愛！但是！可惜選擇性不夠多，也可能是這裡的佔地面積不大而受限了吧？不過還是值得再次前往品味一番。
ehung Chen,1,打了快15分鐘的電話，一直在通話中，很扯
游進宏,5,感謝有友人請客
戴佩琪,2,動線很不行 東西也少很多
Sri Lizztie,4,(由 Google 提供翻譯) 吃飽心滿意為止(原始評論) …更多(由 Google 提供翻譯) 吃飽心滿意為止(原始評論)Makan sepuasnya sampe kenyang
Eric Wong,4,款式多，新鮮又美味
Connie,5,(由 Google 提供翻譯) 驚人的自助餐傳播。質量的東西也。好服務。必須預訂，因為這個地方即使在工作日也很擁擠。(原始評論) …更多(由 Google 提供翻譯) 驚人的自助餐傳播。質量的東西也。好服務。必須預訂，因為這個地方即使在工作日也很擁擠。(原始評論)Amazing buffet spread. Quality stuff too. Good service. Must make reservations as this place is packed even on weekdays.
Resen Chen,4,菜色很齊全，中式、西式、港式、日式、鐵板料理，光看就會流口水，很想每樣都夾。飲料也不少，氣泡飲料、生啤酒、調酒，也有果汁、咖啡。甜點種類有誠意，蛋糕、優格、手工餅乾、巧克力，光吃甜點也能吃飽的概念。 ⋯⋯更多菜色很齊全，中式、西式、港式、日式、鐵板料理，光看就會流口水，很想每樣都夾。飲料也不少，氣泡飲料、生啤酒、調酒，也有果汁、咖啡。甜點種類有誠意，蛋糕、優格、手工餅乾、巧克力，光吃甜點也能吃飽的概念。每樣菜都還不錯，有該有的味道，補菜也蠻快的，很少看到剩渣的狀況。日式生食區，生魚片新鮮，魚種不算多。港式烤鴨普通，肉質沒很嫩。烤牛肉好吃。日式炸物優秀，吃起來不油膩。推薦可以先去鐵板料理區拿些現煮料理，如羊排、干貝...等。整體來說，中規中矩，水準之上，但沒有特別驚豔的地方。
balla,4,收盤速度快 服務也很好 但位置真的有點擠
GREEN _,1,肉很乾不好吃，食物種類不多，全部食物只有蛤蜊湯ok時間一到馬上趕客人，感覺級差
Lộc Thọ Nguyễn,5,"(由 Google 提供翻譯) 食物美味，營養豐富。(原始評論) …更多(由 Google 提供翻譯) 食物美味，營養豐富。(原始評論)Món ăn ngon, giàu dinh dưỡng."
Wagray Kao,5,菜色多，又新鮮。自助百匯中比較常去的店。
Shihyu Hsieh,4,感覺菜色很多，又有啤酒
莊批批,2,響食天堂真的漲好多，但選項並沒有很多剛好有人送的餐卷所以才去吃的不然平常是不會花錢去吃的阿～太貴了
Leah Lee,3,用晚餐餐券吃午餐居然要補差額🤨明明晚餐比較貴餒～覺得不合理還有覺得座位燈光太暗 ⋯⋯更多用晚餐餐券吃午餐居然要補差額🤨明明晚餐比較貴餒～覺得不合理還有覺得座位燈光太暗位置不妥 可能店裡空間太小吧不過東西依然好吃！還是很喜歡饗食天堂～
Eowyn Reid,2,選擇多 但是口味沒有特別驚豔
廖晏翎,1,結帳服務人員態度不好
瘋狂愛上粉紅豬的床,4,響食天堂京店理位置很多，座無虛席，不過動線過擠，整點菜色多，出菜速度快，所以現做料理都能吃到很新鮮的。
Johnny Jeng,4,1070615:1.下午茶使用餐券一人530，CP值不錯，可惜調漲價格後再去的意願頗低了。2.熟食都有水準以上好吃，推薦骰子牛，少數有筋不好咬以外，都很好入口，這個是我個人認為饗食的最大亮點。 ⋯⋯更多1070615:1.下午茶使用餐券一人530，CP值不錯，可惜調漲價格後再去的意願頗低了。2.熟食都有水準以上好吃，推薦骰子牛，少數有筋不好咬以外，都很好入口，這個是我個人認為饗食的最大亮點。3.現切的烤豬肋排反而沒有骰子牛好吃，我吃了一隻就沒再續了。4.其他烤比薩、現煮蛤蠣湯、牛片湯、酥皮濃湯都不錯。5.哈根打司冰淇淋是另一大亮點，甜點就靠他充場面了，其他蛋糕類的我統統跳過，比不過老爺、國賓甚多，所以乾脆不吃了。結論:漲價後，原價可以不用去吃了。-------------------------------------1080315:以之前買的餐券540去吃原價698加一成的下午茶很划算，除了原有的多種類熟食以外，漲價後又加碼了現切烤牛排(但軟嫩度不太夠，個人覺得品質尚可而已)、現煎天使紅蝦(每人一次限拿2隻)，若以原價近770來吃的話，CP值中等。
小寶,5,豐富的美食，聚餐的好地方。
李俊志,5,好吃菜色新鮮，價格公道
Mariano Lu,5,好吃，服務好。
詹媚州,3,美食 用餐環境ok 服務人員笑容待加強
Yuchi,4,螃蟹如果有熱的比較好
陳仕億,1,服務品質有待加強，到了現場候位定了5人（3位小朋友與一位老人家）的座位，櫃檯人員告知候位時間約莫30～60分，我們等了一個小時後想說確認看看差不多還需多久時間，櫃檯人員卻告知目前位置可能要分成2桌（3人，2人的坐法），如果你無法提供適合的位置，那請你先告知，而不是讓客人等候那麼久後再來說要拆座位
古玉妹,4,豐富多元!很享受。
J.C. Huang,4,吃到飽的buffet
JJ,1,才隔幾年沒吃菜色變超差，走一圈沒有幾道菜想去夾，種類少、不好吃、食材也不好...超失望。一餐$1000吃不到什麼東西，海港或欣葉都好吃多了！ps:某些收盤子服務生和師傅的態度不親切，完全沒有這個價位的用餐品質。
朱厚生,2,終於去了饗食天堂炒飯不如鼎泰豐 ⋯⋯更多終於去了饗食天堂炒飯不如鼎泰豐茶碗蒸不如吉野家酥皮濃湯不如牛排館炸蝦不如製麵所酒水普通茶與飲料倒是有點意思兄弟兩人一起吃飯就用掉了一天的薪水==還是在有標到一張便宜餐券的情況這兩星不是指服務或環境不好只是單純認為沒必要特別去吃
Morning Yu,3,需要特别排隊的食材只有香魚，焗烤生蠔，明蝦。網站上的羊肩排，干貝，和牛握寿司壓根没看到。肋眼牛排難咬，只有德國豬脚優。
公爵wulala,4,餐點都很不錯可惜食物保溫不OK
Frank Feng,1,超級難吃超級貴
HJ C,3,品質不如前
tsu zhang,3,菜色很多，食材也都很新鮮，不過用餐環境太擠了，感覺很擁擠，價錢也真的好高，可能現在好吃的太多了，好像有點划不來。
Chiehmin Lin,3,普普通通，越來越沒有價值
marshel,4,種類多樣吃得過隱~~除了店內沒廁所佈太方便.
元化,5,剛開幕的時候有拳頭大的馬蹄蛤
william chen,1,吃饗食天堂還是去別家分店吃會好些
ChingChang Lin,5,食物種類非常多元，新鮮又好吃，唯有以下幾個小缺點：用餐環境稍微擁擠，環境稍微吵雜，洗手間在餐廳外面要走好一段距離
Jason Lin,5,(由 Google 提供翻譯) 超棒的！(原始評論)超棒的！
楊宗廷,5,家族年後在此辦了一個將近40位的週六聚餐，賓客盡歡。
劉明瑞,1,108年3月2日下午茶，許多菜色都處理的非常隨便，甚至沒有水準，如蛤蜊湯，居然可以吃到生的肉，螃蟹散發出濃重的腥臭味，才4點5分，烤牛肉、豬肉和鴨肉居然已經收起來了，其他菜色也所剩不多，讓人覺得像在乞食，也不見管理人員巡場，這家分店讓人失望。
メルエム,2,魚有腥味，現切牛豬的肉質普普。甜點口感不細緻，只比平價火鍋吃到飽的蛋糕好一點點。最好吃的竟然是鐵觀音茶。
eifen Kao,5,地點交通算便利，吃到飽食物新鮮好吃，海鮮沙拉日式燒烤生魚片中式燒賣甜點飲料等，熟食樣式算蠻夠的味道也很有特色，喜歡氮氣飲品類，餐廳內平日中午還算不是很擁擠也不太吵雜，可以安心好好吃一頓，服務人員態度不錯，收拾速度很快，看到孕婦也會主動提及額外服務！算有符合他的價位！
ZHI XIAN ZHONG,3,動線、食材擺放位置規劃有待加強 排隊的人很常擋道路
陳泳先,4,菜色多樣，色香味俱全，甜點，天使紅蝦，麻辣花枝，土瓶蒸，味道美味好吃。服務人員態度親切，服務很好。
劉彥呈,5,整體來說非常好～個人喜好煎羊排鮮蝦淡菜烤布蕾～但座位密度稍高部分菜色有些涼了
大熊,4,吃過幾次下午茶，每次都高朋滿座，菜色相當豐富，人太多 熱門的食物都要排隊，桌距稍擁擠
鍾秉賢,3,"服務品質不錯,餐點普通"
Ricci C,4,(由 Google 提供翻譯) 好吃(原始評論)好吃
甘草二兩,1,東西式樣少又難吃到爆 台中的好太多了
吳依珊,5,菜色豐富
詹維仁,5,環境很優美，動線很好
Amy,5,(由 Google 提供翻譯) 好(原始評論)Ok
mika **,4,種類多樣化，食材新鮮，推生魚片。
蔡文忠,4,好久沒來吃了，不錯吃初二回娘家聚餐，滿滿的人潮
Rasons,3,還行
黃珮瑄,3,還不錯，有些服務人員態度還不錯，有些就不好
林先生,3,燒賣區的女服務員態度很糟！天使紅蝦不太新鮮～其他服務員態度不錯，湯品不錯，甜品不錯。
Ting Fang,4,還可以
Mary Huang,2,食材不錯，但料理方式有待加強，吃下來我覺得最好吃的是炒高麗菜，其他批薩皮嚼不動，芒果雪花冰好吃但芒果很少，炸蝦外皮太厚顯油膩，燒賣皮不優，焗烤生蠔顯得膩等等，CP值不高。
Yi Jia Yang,3,感覺變得不同，而且態度明顯不耐煩
霽玥晴雨,5,裝潢優美，餐點種類繁多，提供多樣化的選擇性，餐飲品質也都維持在一定的水準，並沒有因為菜品眾多而有所參差不齊，是會再訪的店家。
微醺,4,"上週到京站嚐嚐看,給個結論:蔬菜很新鮮 生魚片也很可以 吃得出來魚肉的肉質有嚼勁而且用餐環境挺讓人放鬆的 ⋯⋯更多上週到京站嚐嚐看,給個結論:蔬菜很新鮮 生魚片也很可以 吃得出來魚肉的肉質有嚼勁而且用餐環境挺讓人放鬆的不過有幾道海鮮上面還有未退冰的冰霜 有點不太敢食用"
Yu-Cheng Tsai,4,環境好 食物好吃
黃美慈,1,ㄇㄉ 打著開放式廚房 廚師每個臉臭的像什麼似的板橋分店都沒有過  就你們京站 扯到誇張 幾乎每個廚師臉都是臭的負責羊排的啦 炸蝦的啦 烤鴨的啦 ⋯⋯更多ㄇㄉ 打著開放式廚房 廚師每個臉臭的像什麼似的板橋分店都沒有過  就你們京站 扯到誇張 幾乎每個廚師臉都是臭的負責羊排的啦 炸蝦的啦 烤鴨的啦是真心覺得 京站評價還比板橋高出許多但親身體會過 才知道真的一家比一家扯要不是你們打著饗食招牌相信你們那些廚師 也不會有那樣囂張的嘴臉真心覺得太扯
stanley Shu,3,服務差。很差。食物品質略輸其他響食天堂食物多樣。有特色
joy huang,1,"(由 Google 提供翻譯) 2019/1/1晚餐。距上次吃饗食是剛開幕，快十年了，海鮮新鮮度差很多，蠻失望的， …更多(由 Google 提供翻譯) 2019/1/1晚餐。距上次吃饗食是剛開幕，快十年了，海鮮新鮮度差很多，蠻失望的，熟食也退步了。結論：普通。海鮮輸漢來，甜點輸老爺，熟食類普通，無驚艷主打，好吃到會想再訪的菜，（類似漢來的牛肉湯、現煮意大利麵等，或老爺的魚、甜點，晶華的日料甜點等）雖然多了新菜鐵板系列，但都不好吃，溫度不夠燙，肉太老，蝦也不新鮮，新增的甜點和飲料區道還不錯，因主菜不優，最喜歡的蝦子海鮮也不新鮮，故給一星，座位狹窄，冬日衣物難放，最愛的鮭魚生魚片、蝦子這種不用料裡的生鮮都不新鮮，連自助餐最基本標準值都不到，漲價後晚餐還要1千多，實在對不起價格，之後應不會再訪。另外，每輪餐汰換的食物寧願全部丟棄浪費掉，也不給員工食用，這點不是很欣賞。拿一次一口扔的：新菜烤羊排：拿回已冷，很硬，羊味重。天使紅蝦：溫溫的，不新鮮軟爛，沒有海鮮店好吃。幹貝：尚可爐烤牛排：很柴，嚼之無味烤豬排：同上蝦子：奇怪的粉紅色，好像不新鮮不敢吃太多，輸漢來螃蟹：粉粉的，輸漢來骰子牛：有的很硬，要碰運氣松露燉飯：難吃蜜汁叉燒：根本肉乾，最難吃的叉燒鳳爪：難吃咖哩雞：難吃奶油意大利麵：難吃沒料氣泡汽水：都太甜了德國豬腳：難吃好硬蛤仔湯：蛤仔不新鮮，爛爛的拿兩次/還不錯的：鮭魚生魚片：軟軟的，不Q,不新鮮，輸漢來烤和牛壽司：切很薄，沒啥感覺口感生牛肉壽司：同上蝦蘆筍手捲：蝦很小隻魚卵手捲：還可以松露蘑菇：還不錯烤布蕾、布丁：好吃鴨片捲餅：還可以烤鴨：還不錯酥皮濃湯：很難等，5分鐘只做十個，酥皮是油很多的平價款，廉價火腿無味，輸漢來沙拉：只有帕馬森現拋起司。炸蝦：好吃燒烤類：都還可以，但要等很久。烤蝦不錯，是最新鮮的蝦。蜜地瓜：還可以麻油當歸麵線：不錯吃炒海瓜子：還可以冷盤紅梨：超酸起司烤生蠔：不喜歡 味道太膩了蛋糕： 普通。口感略乾，生巧克力不錯，整體輸老爺。茶碗蒸：湯還可以烤葡萄柚：焦糖太厚不脆，葡萄柚酸，沒漢來好吃茶飲：有五六種，除了水過茶其他都喝了，枚瑰和烏龍、綠茶、涼茶都不錯雪花冰：吃了珍奶口味，還不錯，口感棉密氮氣綠茶：好喝！夠冰涼(原始評論)2019/1/1晚餐。距上次吃饗食是剛開幕，快十年了，海鮮新鮮度差很多，蠻失望的，熟食也退步了。結論：普通。海鮮輸漢來，甜點輸老爺，熟食類普通，無驚艷主打，好吃到會想再訪的菜，（類似漢來的牛肉湯、現煮意大利麵等，或老爺的魚、甜點，晶華的日料甜點等）雖然多了新菜鐵板系列，但都不好吃，溫度不夠燙，肉太老，蝦也不新鮮，新增的甜點和飲料區道還不錯，因主菜不優，最喜歡的蝦子海鮮也不新鮮，故給一星，座位狹窄，冬日衣物難放，最愛的鮭魚生魚片、蝦子這種不用料裡的生鮮都不新鮮，連自助餐最基本標準值都不到，漲價後晚餐還要1千多，實在對不起價格，之後應不會再訪。另外，每輪餐汰換的食物寧願全部丟棄浪費掉，也不給員工食用，這點不是很欣賞。拿一次一口扔的：新菜烤羊排：拿回已冷，很硬，羊味重。天使紅蝦：溫溫的，不新鮮軟爛，沒有海鮮店好吃。干貝：尚可爐烤牛排：很柴，嚼之無味烤豬排：同上蝦子：奇怪的粉紅色，好像不新鮮不敢吃太多，輸漢來螃蟹：粉粉的，輸漢來骰子牛：有的很硬，要碰運氣松露燉飯：難吃蜜汁叉燒：根本肉乾，最難吃的叉燒鳳爪：難吃咖哩雞：難吃奶油意大利麵：難吃沒料氣泡汽水：都太甜了德國豬腳：難吃好硬蛤仔湯：蛤仔不新鮮，爛爛的拿兩次/還不錯的：鮭魚生魚片：軟軟的，不Q,不新鮮，輸漢來烤和牛壽司：切很薄，沒啥感覺口感生牛肉壽司：同上蝦蘆筍手捲：蝦很小隻魚卵手捲：還可以松露蘑菇：還不錯烤布蕾、布丁：好吃鴨片捲餅：還可以烤鴨：還不錯酥皮濃湯：很難等，5分鐘只做十個，酥皮是油很多的平價款，廉價火腿無味，輸漢來沙拉：只有帕馬森現拋起司。炸蝦：好吃燒烤類：都還可以，但要等很久。烤蝦不錯，是最新鮮的蝦。蜜地瓜：還可以麻油當歸麵線：不錯吃炒海瓜子：還可以冷盤紅梨：超酸起司烤生蠔：不喜歡 味道太膩了蛋糕： 普通。口感略乾，生巧克力不錯，整體輸老爺。茶碗蒸：湯還可以烤葡萄柚：焦糖太厚不脆，葡萄柚酸，沒漢來好吃茶飲：有五六種，除了水過茶其他都喝了，枚瑰和烏龍、綠茶、涼茶都不錯雪花冰：吃了珍奶口味，還不錯，口感棉密氮氣綠茶：好喝！夠冰涼"
黃梓恩,2,比起其他店 這家真的很不推 明明是差不多的價位 這家缺沒有達到一定的品質 環境有待加強 食物普通
M Sun,4,跟其他分店比的話用餐走道空間小及拿菜動線不佳XD”要很小心避免跟人相碰撞到
黃仕杰,3,好像沒什麼記憶點
Xin Ye,5,"(由 Google 提供翻譯) 可能是台灣最好的自助餐廳。它有各種各樣的食物選擇。無論你來自哪裡，你總能找到自己喜歡的東西。與其他自助餐廳相比，這可能相當昂貴（每人超過1000台幣），這個價格合理，有很多食物選擇。將來肯定會回到Eatogether。 …更多(由 Google 提供翻譯) 可能是台灣最好的自助餐廳。它有各種各樣的食物選擇。無論你來自哪裡，你總能找到自己喜歡的東西。與其他自助餐廳相比，這可能相當昂貴（每人超過1000台幣），這個價格合理，有很多食物選擇。將來肯定會回到Eatogether。(原始評論)Probably the best buffet restaurant in Taiwan. It has such a huge selection of all kinds of food. No matter where you are from, you always can find something you like.Comparing to other buffet restaurants, which can be quite expensive (well over 1000 Taiwan dollars per person), this one's price is reasonable with so much choice for food. Will definitely be coming back to Eatogether in the future."
Hsu C. K.,5,真的很值得的餐廳，中西任食，的確 All you can eat 。
楊志翔,5,交通方便 地瓜拔絲好吃
Irene Wang,1,菜都溫的位子走道狹窄跟隔壁桌都快碰到肩膀 ⋯⋯更多菜都溫的位子走道狹窄跟隔壁桌都快碰到肩膀菜色升級完全無感 只有價格升級天使紅蝦跟所有螃蟹撥開都很乾扁生魚片就普通 比爭鮮好一點後段也沒有要補菜的意思現切牛排第一次看到排隊這麼冷清甜點也是災難一場難怪前一天下午才訂都還有一堆位子最好吃的是鴨粥 不過我媽大概也煮得出來
Austin Hsieh,1,假日吃沒有價值，跟漢來比差很多!
吳濟美,4,讚讚讚！
Michael Lai,4,昨天1730去吃，食物很多算新鮮還不錯吃，烤牛肉軟嫩，烤梅花豬有點硬，炒骰子牛有些軟有些稍微硬但不柴好吃，飲料選擇多有調酒蠻不錯的，甜點也很多我吃的是蘭姆巧克力、蘋果蛋糕、柑橘蛋糕、堤拉米蘇味道中規中矩。
Haowei Kao,5,菜色多 甜點熟食都很不錯 多一點螃蟹龍蝦的話CP值會更高
Tim Chien,5,跟家人來吃 感覺不錯
沖修平,4,(由 Google 提供翻譯) 位於Kyo Rosso Higashi Hiroba（Q廣場）4樓的無限量商店。雖然預訂是肯定的，但可以在那天排隊。它用於下午茶時區14：30-16：30。價格高，約900元，但菜品種類豐富，口感合理。蝦的鐵板燒很受歡迎。所有你可以喝台灣啤酒也很高興。 …更多(由 Google 提供翻譯) 位於Kyo Rosso Higashi Hiroba（Q廣場）4樓的無限量商店。雖然預訂是肯定的，但可以在那天排隊。它用於下午茶時區14：30-16：30。價格高，約900元，但菜品種類豐富，口感合理。蝦的鐵板燒很受歡迎。所有你可以喝台灣啤酒也很高興。(原始評論)京站時尚廣場（Qスクエア）の４階にある食べ放題のお店。予約が確実だが、当日並んでも大丈夫。アフタヌーンティーの時間帯14:30-16:30で利用。値段は約900元と高めだが、料理の種類豊富で味もまずまず。海老の鉄板焼きが人気。台湾ビール飲み放題も嬉しい。
余秋範,4,各項山珍海味美食應有盡有CP值頗高 日式西式中式港式 都不錯 還有免費的啤酒飲料冰淇淋甜點 真讚!
520 bobby,5,菜色多樣化，價格也不會太難以接受，覺得CP質算高！！希望螃蟹龍蝦海鮮類可以更棒～這方面比較失望一點其他我是覺得都很棒了！
Wang Dexter,2,(由 Google 提供翻譯) 好吃服務態度多數優秀(鴨肉不夠好想只吃鴨肉但服務人員強迫要包餅皮) 食物多樣價格雖然高但該有的也都有適合偶爾約會過節幹貝不好吃有腥味壽星方面店家給予特製超級好吃的小蛋糕和可愛小禮物當天壽星的消費給予95折優惠但礙於鴨肉服務人員態度以及乾貝的腥味無法給予更高評價 …更多(由 Google 提供翻譯) 好吃服務態度多數優秀(鴨肉不夠好想只吃鴨肉但服務人員強迫要包餅皮) 食物多樣價格雖然高但該有的也都有適合偶爾約會過節幹貝不好吃有腥味壽星方面店家給予特製超級好吃的小蛋糕和可愛小禮物當天壽星的消費給予95折優惠但礙於鴨肉服務人員態度以及乾貝的腥味無法給予更高評價(原始評論)好吃 服務態度多數優秀(鴨肉不夠好 想只吃鴨肉但服務人員強迫要包餅皮)  食物多樣 價格雖然高 但該有的也都有 適合偶爾約會過節 干貝不好吃 有腥味 壽星方面店家給予特製超級好吃的小蛋糕 和可愛小禮物 當天壽星的消費給予95折優惠 但礙於鴨肉服務人員態度以及干貝的腥味 無法給予更高評價
Aaron Chen,3,(由 Google 提供翻譯) 普普(原始評論)普普
YK Lam,4,"1000/人 ,ok 好多選擇,不錯"
吳品嫺,4,東西新鮮，吃到飽買餐卷很划算
魏品杰,4,菜色選擇多
gigi ke,5,新鮮的食材+服務品質+價位平民=超推👍👍👍👍👍
翁小嵐,1,現場劃位等待二個小時，非常久
Y. H Lin,3,樣式很多，不過熱門的海鮮補得有點慢
什麼魏,3,還可以
Gem Chen,3,東西還不錯吃 不過口味並沒有非常好吃或特別  只能算聚餐的一個選擇
李誠宇,5,這次去饗食，有感覺菜品的品質提升，熱度也不錯，集團就是不一樣。一定是定期有在品質上把關。
你還是注意一點,3,東西普通
tea green,5,(由 Google 提供翻譯) 很棒(原始評論)很棒
謝麗鳳,1,菜色不錯服務太普通
郭嘯天,5,菜色不錯 選擇多
余信德,5,(由 Google 提供翻譯) 聚餐的好地方(原始評論)聚餐的好地方
Tsung Wei tsungwei,4,(由 Google 提供翻譯) 一般般(原始評論)一般般
Audi Lai,4,去吃的人還蠻多的，料理口味還不錯。
黃松福,3,漲價後就沒有去過了！之前的品質還可以後面就.............
蕭孟環,3,甜點多，但信用卡付款，卡片回到消費者手上很慢。
Sophie,5,用餐環境算大服務人員我給5顆星🌟
Cairu Liao,4,好吃！燈光氣氛好。
Jo-Yun Wang,1,"壽司的醋飯過酸,第一次吃到這麼難吃的壽司醋飯,海鮮類不新鮮,螃蟹都有股腥臭味根本不敢吃,覺得品質不符合價位"
F Steven,3,越來越差⋯⋯
安琪拉,4,假日超多人要先訂位
Vic Tsai,3,有些位子行走上通道狹窄。自助餐選擇雖多，但沒有特別令人驚豔的單品食物。
鄭文心,4,菜色多樣餐點區域很集中，位置多人多時動線會卡住
曹滋蘭,3,交通方便，空間有點小，點餐區集中是唯二的優點。場地平整，輪椅族、娃娃車都方便進入。看過評語才來的，牛肉老軔問題沒改善廁所跟百貨公司樓層的客人分享使用，因此人多的時候要女廁排隊久等。
Ice Panda,4,菜色豐富都很好吃，冷萃飲口感特別順口，兩人用餐服務人員安排四人位置用餐起來很舒適不擁擠，補菜速度也蠻到位贏過很多高級飯店
Ahfur Lai,4,食物多樣，飲料多元，豐盛美味，all you can eat!
NICK C,5,東西新鮮補菜速度快!
林慎一郎,4,(由 Google 提供翻譯) 菜單豐富的日本酒店納米註意日本人不好！(原始評論)メニュー豊富日本のホテルなみ注意日本語ダメ！
Hitesh D,5,"(由 Google 提供翻譯) 食物味道濃郁。良好的氛圍和展示。工作人員也提供優質服務。雖然，我希望這裡有更多品種的壽司。(原始評論) …更多(由 Google 提供翻譯) 食物味道濃郁。良好的氛圍和展示。工作人員也提供優質服務。雖然，我希望這裡有更多品種的壽司。(原始評論)Food is rich in taste. Great ambiance and display. Great service from the staff too. Although, I wish there are more varieties of sushi here."
Sunny Shih,5,雖然價格變貴許多，但品質也有提升，每樣都有一定的精緻度，烹調的也很好吃，出菜速度也很快，服務生整理桌子空盤也很勤勞。最推薦的就是蛤蜊湯，肉都很肥美，湯很鮮甜，不會吃到爛掉臭掉的，很讚。
KAIYEN SKINCARE OEM/ODM TAIWAN暟研,5,"(由 Google 提供翻譯) 吃的東西很多，味道也很好。與過去相比，螃蟹和蝦有很多種。這個季節有很多種螃蟹和蝦。喜歡螃蟹和蝦的人可以在過去品嚐它。天使紅蝦，你可以吃，看 …更多(由 Google 提供翻譯) 吃的東西很多，味道也很好。與過去相比，螃蟹和蝦有很多種。這個季節有很多種螃蟹和蝦。喜歡螃蟹和蝦的人可以在過去品嚐它。天使紅蝦，你可以吃，看(原始評論)There are many kinds of things to eat, and the taste is also good. Compared with the past, there are many kinds of crabs and shrimps. There are many kinds of crabs and shrimps in this season. People who like crabs and shrimps can taste it in the past. Angel red shrimp, you can eat and see"
Meena chen,3,第一次去，湯品只有鹹味沒有鮮味﹏
黃安珍,5,之前跟家人一起來吃，東西蠻多的，海鮮牛肉都不錯!!  交通也很方便
東東鼠,5,不錯，料理進步很多，餐點美味。
李拓哉,5,(由 Google 提供翻譯) 意外地，天使紅蝦與幹貝，生蠔是最受歡迎 ，人排最多。牛排也好吃，鴨肉普通，生魚片新鮮又好吃。烤物也很香喔！螃蟹普通，蝦湯好喝。雖然價格偏高 ，整體上cp值是高的！ …更多(由 Google 提供翻譯) 意外地，天使紅蝦與幹貝，生蠔是最受歡迎 ，人排最多。牛排也好吃，鴨肉普通，生魚片新鮮又好吃。烤物也很香喔！螃蟹普通，蝦湯好喝。雖然價格偏高 ，整體上cp值是高的！(原始評論)意外地，天使紅蝦與干貝，生蠔是最受歡迎 ，人排最多。牛排也好吃，鴨肉普通，生魚片新鮮又好吃。烤物也很香喔！  螃蟹普通，蝦湯好喝。雖然價格偏高 ，整体上cp值是高的！
殷世華,4,用餐環境不錯
蛤罵HAMA,2,(由 Google 提供翻譯) 烹飪類型廣泛而且種類繁多。然而，味道和質量不適合價格（週末晚上899元+強制服務費10％），因為你想吃的菜很少。也許成本很高，幾種受歡迎程度正在控制提供的數量......酒吧提供吧台和酒，但您想要喝幾種。在台灣，我們再次意識到你可以吃所有你可以吃火鍋和美味的cospa .... …更多(由 Google 提供翻譯) 烹飪類型廣泛而且種類繁多。然而，味道和質量不適合價格（週末晚上899元+強制服務費10％），因為你想吃的菜很少。也許成本很高，幾種受歡迎程度正在控制提供的數量......酒吧提供吧台和酒，但您想要喝幾種。在台灣，我們再次意識到你可以吃所有你可以吃火鍋和美味的cospa ....(原始評論)料理のジャンルが幅広く種類も豊富。が、味や質は値段(週末の夜で899元+強制サービス料10%)相応のものではないいたって普通で食べたくなるような料理が少ない。おそらく原価が高く人気の数種類は提供数をコントロールしている感じがする…。バーカウンターがありアルコールも提供しているが飲みたい種類が少ない。台湾では火鍋の食べ放題の方が全然美味しいしコスパも高いと再認識しました…。
Jerry Wang,4,菜色豐富，推豬肋排、烤生蠔、天使紅蝦，吃很飽
Welly Chen,2,"(由 Google 提供翻譯) 整體來說，裡面的料理還算不錯，特別是天使紅蝦和乾貝還有羊排，幹貝鮮嫩,紅蝦Q彈，羊排不具腥味。 …更多(由 Google 提供翻譯) 整體來說，裡面的料理還算不錯，特別是天使紅蝦和乾貝還有羊排，幹貝鮮嫩,紅蝦Q彈，羊排不具腥味。但可惜的是這個區域的烹調人員總是臉臭的對著客人說「要什麼？」從頭到尾都是這種撲克臉表情與顧客應對，不曾聽見她說「請問」「謝謝」等用語，特別是其中一位個子不高，輪廓貌似原住民的小姐，總是用不耐煩的語氣催促客人要點什麼，是整個餐廳最令人倒胃口的地方。外場幫忙收空盤的人員，牛肉豬肋排的廚師及甜點區的小姐倒是個個親切有禮，謝謝他們的服務。(原始評論)整体來說，裡面的料理還算不錯，特別是天使紅蝦和干貝還有羊排，干貝鮮嫩,紅蝦Q彈，羊排不具腥味。但可惜的是這個區域的烹調人員總是臉臭的對著客人說「要什麼？」從頭到尾都是這種撲克臉表情與顧客應對，不曾聽見她說「請問」「謝謝」等用語，特別是其中一位個子不高，輪廓貌似原住民的小姐，總是用不耐煩的語氣催促客人要點什麼，是整個餐廳最令人倒胃口的地方。外場幫忙收空盤的人員，牛肉豬肋排的廚師及甜點區的小姐倒是個個親切有禮，謝謝他們的服務。"
Amy,4,現場點天使紅蝦和羊排只限一個人兩隻很不錯，披薩好吃，酥皮濃湯和蛤蜊湯好喝，還有沙瓦推薦青蘋果蠻好喝，選擇很多很豐富，生魚片鮭魚蠻新鮮，但比較喜歡炙燒的比較不會吃膩
陳青鳳,1,你好，請問響食天堂和響泰多，的票卷，可以共用嗎？
Jue Ecup,4,好久沒有來吃饗食天堂了價格稍微漲了一下，但是菜色相對也有變得比較有誠意一點，雖然還是沒有出現會讓人覺得「這道菜好好吃喔！」的想法，但是菜色非常的多，不至於會覺得沒東西吃了的想法 ⋯⋯更多好久沒有來吃饗食天堂了價格稍微漲了一下，但是菜色相對也有變得比較有誠意一點，雖然還是沒有出現會讓人覺得「這道菜好好吃喔！」的想法，但是菜色非常的多，不至於會覺得沒東西吃了的想法甜點的選項很多，但一樣沒有「這個好好吃喔！」的甜食出現最喜歡來這裡狂嗑生魚片們，大口吃生肉覺得爽啊！也超級喜歡吃炸蝦，現炸就是好吃的任性，還有很多炸物可以選飲料有榨果汁就推，蝦子很大隻，好吃裡面最喜歡的就是茶碗蒸和土瓶蒸了前菜的醋飲超級好喝，不要錯過他**不相關發文：Dis一下外面那排娃娃機，超摸摸爪，摸死了，超級騙錢，等待的時候不要去玩，已經投很多十元問過台子了( by我是老手❩
錢多多,5,物超所值~一定要再來~午餐平日NT798 ⋯⋯更多物超所值~一定要再來~午餐平日NT798午餐假日NT898下午平日NT698下午假日NT798晚餐平日NT898晚餐假日NT998
楊修憲,4,有幾道菜感覺有點像放一段時間，但基本上料理調味料都不錯吃，很適合多人聚餐
Elaine YEH,5,菜色豐富好吃
林Sam,3,吃1次新鮮感吃2次團體聚餐吃3次就已不稀奇，料理沒什變化但還是會考慮此當慶生.聚會的場所
王靖雅,4,交通方便，食材多，可惜場地不夠寬敞，建議事先訂位，否則候補要等很久，有時候還不一定有位置，就白等了
Chia Yu Liao,4,連鎖知名吃到飽餐廳。食材及服務有一定水準。建議熱門時段需要先訂位，不然容易沒有位置。
楊雁菁,5,食材多做選擇
黃魚魚,1,我等後補座位，七點半才跟我說有位子。這是開玩笑嗎？千萬別傻傻等後補。非常糟糕。
Justice Huang,1,(由 Google 提供翻譯) 今天和朋友去饗食京站店用餐，覺得菜色少，補菜超慢且甜點蛋糕吃起來口感乾乾不是很新鮮，環境也不衛生餐檯附近有看到蒼蠅在飛，碗盤也不乾淨上面有黃黃的殘渣超噁心的，更糟的是收盤子的服務生都沒在收還站在角落旁聊天，服務品質有夠爛的，真是CP值超低的啦！ …更多(由 Google 提供翻譯) 今天和朋友去饗食京站店用餐，覺得菜色少，補菜超慢且甜點蛋糕吃起來口感乾乾不是很新鮮，環境也不衛生餐檯附近有看到蒼蠅在飛，碗盤也不乾淨上面有黃黃的殘渣超噁心的，更糟的是收盤子的服務生都沒在收還站在角落旁聊天，服務品質有夠爛的，真是CP值超低的啦！(原始評論)今天和朋友去饗食京站店用餐，覺得菜色少，補菜超慢且甜點蛋糕吃起來口感乾乾不是很新鮮，環境也不衛生餐台附近有看到蒼蠅在飛，碗盤也不乾淨上面有黃黃的殘渣超噁心的，更糟的是收盤子的服務生都沒在收還站在角落旁聊天，服務品質有夠爛的，真是CP值超低的啦！
Vincent ESL,5,開心享美味!!
Chi Wai Lee,4,(由 Google 提供翻譯) 生牛肉刺生...正(原始評論)生牛肉刺生...正
K H,4,在自助餐價位上台北幾乎都一千以上它算是好吃的 ⋯⋯更多在自助餐價位上台北幾乎都一千以上它算是好吃的飲料種類非常豐富
min way,3,吃飯好地點
劉妤馨,1,電話無人接.....
蛇女梅杜莎,4,食物美味，但唯一缺點就是假日人多，座位和走道空間不足，覺得非常擁擠。
柯瑜豪,3,菜色選擇還是維持滿多種類只是感覺食材部分有些退步 牛肉有點老好幾道都嚼不太下
Abby Lee,5,(由 Google 提供翻譯) 優質的食物，價格合理。(原始評論) …更多(由 Google 提供翻譯) 優質的食物，價格合理。(原始評論)Excellent food with reasonable price.
楊子萱,4,餐點沒有想像的多
賴小昭,3,桌子與桌子間的間距太窄
魏衡偉,4,比較熱門的要排隊整體來說值得推薦
Blue Sky,4,上回吃是3年前了，價格比以前高了許多，但服務有比以前好，牛肉有點難咬也很難切，其餘食材都還不錯，有機會會再去關顧的。
楊世傑,5,很棒餐點補齊速度很快
踊健經絡導引許老師,4,食物花色繁華
李婕瑩,5,下午茶多樣好吃，生魚片現切牛排都有
Sjuni Huang,1,"(由 Google 提供翻譯) 107/09/02(日),晚上用餐，坐B01桌，一千多(998+10%)共吃了一盤生魚片，烤/炸蝦共約十隻，四隻天使紅蝦，三條炸柳葉魚，一塊炸魚下巴，四顆焗烤生蠔，六顆幹貝，一小塊冷盤豬腳，些許紅油牛肚，一份烤焦糖布丁，一瓶小可樂，一瓶小蘋果西打(以上食材對我來說絕對沒超量)，回家拉了三次。小孩拉了一次。 …更多(由 Google 提供翻譯) 107/09/02(日),晚上用餐，坐B01桌，一千多(998+10%)共吃了一盤生魚片，烤/炸蝦共約十隻，四隻天使紅蝦，三條炸柳葉魚，一塊炸魚下巴，四顆焗烤生蠔，六顆幹貝，一小塊冷盤豬腳，些許紅油牛肚，一份烤焦糖布丁，一瓶小可樂，一瓶小蘋果西打(以上食材對我來說絕對沒超量)，回家拉了三次。小孩拉了一次。(原始評論)107/09/02(日),晚上用餐，坐B01桌，一千多(998+10%)共吃了一盤生魚片，烤/炸蝦共約十隻，四隻天使紅蝦，三條炸柳葉魚，一塊炸魚下巴，四顆焗烤生蠔，六顆干貝，一小塊冷盤豬腳，些許紅油牛肚，一份烤焦糖布丁，一瓶小可樂，一瓶小蘋果西打(以上食材對我來說絕對沒超量)，回家拉了三次。小孩拉了一次。"
游博雄,1,外圍服務很好，內部服務很差，臉臭到不行，菜色一般，牛肉部份難吃，螃蟹不知道冰多久有腥味，海鮮冷盤太鹹，生魚片服務生態度差，兩個吃的費用1976不值得，不會再吃，
Sandy Li,4,選擇非超多 每種都嚐一點 非常飽
alex tsai,5,東西好吃
李攸惠,5,東西不錯吃
Miriam,4,(由 Google 提供翻譯) 焦糖葡萄柚 好～好～吃～(原始評論)焦糖葡萄柚 好～好～吃～
宋曉霖,1,電話都不能訂位？每次打都這樣
郭谷歌,5,cp值高，餐點選擇豐富，但座位舒適度有改善空間
YuChieh Chiang,3,高中時期來覺得還好，因為那時候晶華的比較好吃，因為公公沒吃過想來吃看看，所以就預約來了！有了小孩第一次來覺得不錯，小寶寶可以吃小玉米筍和地瓜（熟的手指食物那時候寶寶10個月多），餐點很多，但好不好吃見人見智，個人覺得還好，但服務真的不錯，第二次去經驗就有的糟糕，預約就告知要3點扣兒童餐椅，結果給我們壞掉的餐椅...要求更換服務人員還很不耐煩，我知道服務業很辛苦，但我態度一直都很好耶！ ⋯⋯更多高中時期來覺得還好，因為那時候晶華的比較好吃，因為公公沒吃過想來吃看看，所以就預約來了！有了小孩第一次來覺得不錯，小寶寶可以吃小玉米筍和地瓜（熟的手指食物那時候寶寶10個月多），餐點很多，但好不好吃見人見智，個人覺得還好，但服務真的不錯，第二次去經驗就有的糟糕，預約就告知要3點扣兒童餐椅，結果給我們壞掉的餐椅...要求更換服務人員還很不耐煩，我知道服務業很辛苦，但我態度一直都很好耶！現在漲價...我不如去「饗饗」（饗食天堂升級版）畢竟吃飯要吃的開心。附上第一次去寶寶照片
廖日源,4,餐費一千元以下菜色我認為是CP值最佳的餐廳
gloria sun,4,多樣化的食物供選擇，熟食的口味與新鮮度都不錯，而且現場還一直在烹調不足的菜色，完全不用擔心會吃不到。較讓人失落的是甜點蛋糕區，展示的種類很豐富誘人卻不好吃，口感鬆軟度不佳味道也不香濃。還有生魚片也不夠甜美，只有脆脆的口感沒有味道。
force 155 Dai,3,漲價後覺得去其他同價位吃到飽更划算
張安樂,1,鐵板料理牛肉品質 越來越少了
Rosalyn Chen,5,人超級無敵多  一定要提早一個月訂位  壽星有折扣  因為是自助餐若有帶孩子要注意安全以免碰撞  東西多元好吃  服務態度佳
Oliver Liou,3,普普又貴的吃到飽自助餐C.P值很低
高聖昌,1,超難吃，你從會不會給滿意度調查表就知道，官網也不給留言，大家都是滿心期待進去吃，離開都是敗興而歸，我也是花錢又傷身體，拉肚子三天還沒痊癒。
王瑞德,4,覺得還好，cp值不高。
鄭安棋,2,食材都沒有很新鮮，午餐時段去吃的螃蟹肉很乾完全沒水分，一點不浮誇！我第一次吃到螃蟹是乾的...生魚片腥味也很重.....
Layerne Lostbelt,4,推薦海鮮（炸物區）
tina chen,2,不如預期
張淑華,4,座位很擁擠，食材陳列不太理想，有氣泡飲品，海鮮新鮮，蛋糕櫃烤布蕾好吃，服務親切
董雲雀,4,(由 Google 提供翻譯) 太好吃了(原始評論)太好吃了
我很誠實,3,品項很多但沒有到特別驚豔整體還可以
靈芝,3,吃粗飽
花落無豔,5,(由 Google 提供翻譯) 吃到翻肚XD(原始評論)吃到翻肚XD
Dacsy Chen,3,還不錯
泡菜哥,5,(由 Google 提供翻譯) 好吃好吃(原始評論)好吃好吃
沈逸軒,5,(由 Google 提供翻譯) cp值高(原始評論)cp值高
lilian kuan,5,餐點多樣化，CP值超高。訂位後可網購餐卷更划算。
極光,5,(由 Google 提供翻譯) 很棒(原始評論)很棒
邱俊明,5,使用餐券比較便宜
孫金秀,3,餐食不錯、收盤服務人員要注意要快也要顧及客人用餐…走道窄是否考慮桌位不要太多
Chiu Vivian,2,下午茶漲到$768，太貴了！人太多，甜點，排隊人潮太多，不能自己拿，要由工作人員給，排太久了！吃完之後，想不出有什麼很好吃，印象深刻的食物
Ernest Lin,5,(由 Google 提供翻譯) 好吃(原始評論)好吃
小矩,5,(由 Google 提供翻譯) 好吃 cp值高(原始評論)好吃 cp值高
李安安,5,菜色豐富好吃，服務人員親切，是個聚餐的好地方
LI-YU LEE,5,(由 Google 提供翻譯) 聚餐的好地方(原始評論)聚餐的好地方
Alvin Zhong,5,(由 Google 提供翻譯) 好(原始評論)GOOD
shinnrenn chen,4,菜色多樣，吃到飽餐廳的好選擇！
憶婷,5,供餐路線&食物品質好，工作人員很有趣服務態度又好，唯一缺點是有點擠
周是忠,5,美食相當的多
李佩蓉Pei-Jung Li,4,雖然沒去過其他間，但京站店的品項沒有想像中多。不過東西還是蠻新鮮的，會回訪。
晴,3,和家人聚會都會來這，但食物和服務品質越來越差，聚會慢慢往別處去，希望你們能越來越好
王彩鳳,5,(由 Google 提供翻譯) 好吃(原始評論)好吃
Tse-An Shen,3,自助餐午餐很多選項，食品還算可口。太趕時間。
林麗雪,5,很超值 環境好
Jena Yin,5,食物擺設精緻，有新增一些品項，食物新鮮，味道可口
Chia Chieh Huang,1,電話從早打到晚（營業時間內）永遠打不通 網路訂位不但要先加入會員而且訂位畫面永遠跑不出來 不吃也罷⋯⋯
弓長,1,前一天已先網路訂位，到現場後，我的訂位代號變成別人的名字，現場查不到我的訂位資料，變成現場劃位，事後再問才說網路跟現場沒有同步，那我先訂位幹嘛？之後帶位過去我的位置居然有人坐了，變成坐隔壁桌，完全搞不懂這家店在幹什麼。
大花貓大花貓,5,(由 Google 提供翻譯) 好吃 cp值高(原始評論)好吃 cp值高
KK先生,4,服務熊度佳，食材新鮮
葉嘟嘟,4,有午餐，晚餐，下午茶可以選擇，自助餐式可自由選擇愛吃的菜，交通方便。
shine liu,4,種類還可以，但有些食物補充太慢，感覺是限時補充，服務人員很好很親切，總體還算不錯
tiffany,5,算是饗食天堂中好吃的店，動線規劃良好，食物種類多，7/1漲價後多了不少菜色
devil yeh,3,店內空間舒適，菜色種類雖多但對比價格險得不夠精緻。不論是否有提前訂位，皆需在現場抽號碼牌等候帶位。
世新王程捷,5,東西都很好吃
Mimi龍,4,東西多樣化，不過人真的很多，有些餐點要等一段時間。
張志翰,4,來這裡吃過好幾次了，沒想到在台北車站的吃到飽餐廳可以經營超過5年，尤其是不斷的漲價還是能受到消費者的青睞，好吃跟不斷精進的服務確實很棒。有無限量供應的啤酒，現炒青菜，烤牛排，炸蝦，生魚片。
Xin Liu,5,(由 Google 提供翻譯) 好ㄘ(原始評論)好ㄘ
田國棟,5,東西好吃輕鬆愉快
林君璋,5,超好吃出餐快物超所值  吃到賺到
沈裕盛,5,服務好東西好吃的地方
心慧,3,還不錯👍
didi,5,吃到飽餐廳，菜色豐富，生魚片、牛肉讓你吃到飽，最近還增加現榨美國橘汁，及台灣生啤酒，感到很用心。
何琳文,5,(由 Google 提供翻譯) 食材非常好 非常超值(原始評論)食材非常好 非常超值
宜蘭小妹子.,5,超多東西，可以吃♥
高妤沛,5,樣式多 有現煮 有新菜色 用心  不怕客人吃
shih Liang Yin,3,沒特別感想，表示進步空間很大
林海星,3,可惜熱門菜色大排長龍
Wei-Lin Hung,5,交通方便，餐點選擇眾多
Wing Lin,4,(由 Google 提供翻譯) 普通(原始評論)普通
WEN CHI,3,種類算多，但都這幾樣 變化不大
呂森雄,5,菜色多樣化 食材很新鮮 價格算合理 附近的環境還可以逛街 理想的聚餐 地點
江曉嵐,4,服務很好，餐點有創新了，推~~
嗨小兔子,5,今晚一家人17位在這裡慶生聚餐，喜歡店員們的服務態度，生熟食感覺跟其他家吃到飽餐廳差不多，不過家人都很喜歡他們的甜點區跟飲料區，尤其現榨的柳橙汁機完美健康❤️❤️❤️❤️可惜7月開始要漲價了😂😂😂對了，可以從5:30吃到9:30，不會為了翻桌率趕人，我覺得很棒
Clare Chen,4,餐點種類多，食材算新鮮，但坐位空間稍窄小
李月序,4,(由 Google 提供翻譯) 菜色多元(原始評論)菜色多元
邱東東,4,(由 Google 提供翻譯) 交通方便(原始評論)交通方便
素月林,4,餐點種類多，食材算新鮮，環境也很好！可是，可能是因為我已經去吃過兩次，所以覺得菜色都一樣，沒有特色……有點可惜
smarthenyi,2,沒特別喜歡吃 結帳還結錯
joy liu,2,菜色蠻多，口味普通，海鮮退步
Bo Jhong Yang,4,餐點多樣化，生食區保鮮度不太夠…
Hannah Wu,1,我整整等了30分鐘，為了7塊錢，傻眼鮑魚
Rexha Chou,1,結帳找錢超慢，吃完想走還等在位置傻等，實在很糟糕
Ariana Chen,1,食材品質普通，只有推薦鐵觀音奶茶，7月後漲價謝謝再聯絡 81
Adrian Wu,1,除了有店員身材玲瓏有致之外，海鮮不新鮮，結帳找錢超慢，差強人意。7月漲價後不會再來，想吃buffet請至相同集團的饗饗消費😂
crystal hong,4,東西好吃，停機車很便利
ming ngai,2,環境吾錯，地方整請，食品也可！交通方便。
Calvin Huang,5,除了讚，還是讚
殷香菱,4,"必須先預約訂位!中西式餐飲每人$750元左右吃到飽!餐後可人逛京站時尚廣場百貨,既可消耗卡路里,亦可使口袋$$迅速光光!"
洪倫,4,Cp值相當高的一家吃到飽餐廳
TEDDY HUANG,3,名氣大，飲食內容尚可
喵喵,5,人不算多 補餐點快速尖峰用餐時間也不用像小學生領餐一樣排隊
JC fu,5,產品新鮮請大家不要搶又不是難民==
YunZhen Li,5,餐點多樣，食材新鮮。
陳志華,4,食材眾多好吃，空調不佳
Powen Chen,4,(由 Google 提供翻譯) 尚可(原始評論)尚可
沙皮,5,店家很用心，避免孩子無聊，還供應孩子圖畫紙及蠟筆，只是廁所都要走很遠～
黃泰峰,3,每況愈下
en-sheng leung,3,大快朵頤，小心別撐破肚子
柯默娘,3,好吃且服務到位
丁叮噹,4,菜色多元 食材新鮮 出菜速度快 但算半開放空間 空調比較不涼
Ye Chris,5,各國風味一次滿足
장성재,5,"(由 Google 提供翻譯) 位於大樓的四樓。與價格相比，有很多類型，還可以。兩個人的價格：含增值稅的漫畫貨幣為1,756美元，在韓國約為63,000韓元，每人約為31,500韓元 …更多(由 Google 提供翻譯) 位於大樓的四樓。與價格相比，有很多類型，還可以。兩個人的價格：含增值稅的漫畫貨幣為1,756美元，在韓國約為63,000韓元，每人約為31,500韓元(原始評論)건물4층에 위치. 가격에 비해 종류도 많고 괜찮네요. 두명 가격 부가세 포함해서 대만화폐 1756달러 한국돈 약 63,000원 1인당 약 31,500원"
C. H. Liou,3,菜色很多，但不精緻
吳栢權,4,食物高檔 種類眾多
許文淵,4,餐點精緻食材新鮮口味豐富
蘇志奮,4,想要吃到飽而且吃夠本，來這裡就對了。
陳慧玲,5,(由 Google 提供翻譯) 色香味俱全，是享用美食的好地方。(原始評論)色香味俱全，是享用美食的好地方。
沈佩陵,4,沒有預約的話，現場排都要很久
李龍德,4,菜色多，生魚片新鮮好吃
sheng Yu,5,(由 Google 提供翻譯) 不錯(原始評論)nice
Eric Ku,3,餐點普通，地點太吵雜，影響用餐心情
蔡文傑,5,好多可以選擇，一次吃不完全部，要來兩次以上～好飽。
飛鳥梓,2,蔬菜料理少的可憐，扣掉沙拉吧和燙青菜只剩下沒幾種。美麗華那邊還吃過娃娃菜，這裡從來沒看過
馨筱慧,4,食材多補菜也蠻快的，價格再親民點會更棒
Kid Yang,4,人很多 一定要事前訂位
蔡承澤,3,比板橋饗食天堂好吃
葉亨利,3,不是很好吃，就是吃到撐
AmeGo Grace Lin,4,餐飲料理的美味度，每年都有相當幅度的成長。但…餐桌服務員相形之下顯得不夠禮貌，亦可能是工作量較大之故！價位不算低，但交通便利可補其害！
奇原吕,2,(由 Google 提供翻譯) 可以做得更好(原始評論)可以做得更好
李沄蓉,5,店員很友善
Jacky Wen,4,不錯吃 CP值高
simon mao,5,(由 Google 提供翻譯) CP值OK!(原始評論)CP值OK!
Su,5,好吃，食材眾多
Keigo Kao,4,(由 Google 提供翻譯) 著名的自助餐廳總是很擁擠。所有的菜都很好吃，而且食材新鮮。關鍵是您甚至可以喝啤酒。工作人員也很活躍。但是，我覺得座位的安排有些局促。 …更多(由 Google 提供翻譯) 著名的自助餐廳總是很擁擠。所有的菜都很好吃，而且食材新鮮。關鍵是您甚至可以喝啤酒。工作人員也很活躍。但是，我覺得座位的安排有些局促。(原始評論)常に混んでいるビュッフェの有名店。料理はどれも美味しくて食材の鮮度も良かった。缶ビールまでも飲み放題なのがポイント高い。スタッフさんも積極的。だが席の配置が若干窮屈な気がする。
zano Hsia,5,新鮮美味乾淨，超好吃
游翔智,5,多到沒辦法每一個都吃一遍
黎永揚,4,還不錯
Ann Hsu,3,食材我覺得還好 我是吃晚餐時段 很多肉類都太乾了 我覺得饗食天堂還是信義店最好吃 原來每間分店的菜色都有所不同 而且好不好吃也有分
張閔琇,5,也是我最喜愛的
許美惠,4,美食鮮美好吃。
lee ping,5,好吃扒廢
Gansen Lyu,3,位置相比大直店來看較小，飲料主餐較容易出現空盤的狀況，廁所位置也離用餐區有一段距離，交通還算方便，但如果想要吃的更放鬆，個人覺得大直或信義店會比較適合.
楊宗道華夏科大,5,(由 Google 提供翻譯) 好食物(原始評論)Good food
楊晴,3,最好吃前三名，熱水 奶酪 蒸蛋(ー_ー)!!
moola chang,4,以價格帶來說 還不錯
李家宇,3,用餐很匆忙且排隊動線會讓行走及等待佔掉大部份的用餐時間，除非逆著順序吃…否則常常沒吃飽時間就到了，最近漲價後覺得更不值了
陳嫦娥,4,東西很多樣 適合不同年齡和口味的人選擇 7月後要漲價 看各人的承受度 再選擇
琮銘謝,5,新鮮度讚
楊立德,4,東西選擇多樣，食材新鮮好吃
曾麟竣,5,(由 Google 提供翻譯) 好地方(原始評論)好地方
姚佳均,3,即將漲價菜色普通
Eoeo Wu,3,價位太高
ST Lau,3,食物質量普通，地方比較嘈吵。
林怡瑄,5,(由 Google 提供翻譯) 食物好吃！(原始評論)食物好吃！
WEI-WEN WANG,5,(由 Google 提供翻譯) 位置好 好吃好吃(原始評論)位置好 好吃好吃
CL Huang,4,普普通通的吃到飽餐廳
leo leo,4,板橋的功夫鴨肉粥比較好吃太多了
kaori hon,4,肉類都是孜然味 燒賣有種藥味大雷 整體來說調味不香(中央餐廚? 容易混味 飲料選擇少 燒布丁小小份
Lilian Chen,4,菜色種類多樣，服務人員非常客氣也勤於桌面清潔，唯座位安排擁擠，取餐動線紊亂。
陳永翰,4,料理齊全~美食鮮味。重點是服務人員《禮遇待客》☆☆☆讚！
陳湘珍,4,東西整體上還不錯，但口味偏鹹，巧克力很讚！！
鄭鈞元,5,品質氣氛優良
Shu Hang Lee,5,菜色齊全，服務不錯
楊子墨,3,覺得還可以，吃的是下午茶種類沒有很多，炭烤說是松版肉，切給我的都是瘦肉，太柴了，吃不下
謝岡達,3,食材不夠豐富
Meng Hsuan,4,炸蝦可以再加強價格可以再親民一點
金門蕭敬騰,3,(由 Google 提供翻譯) 好吃(原始評論)好吃
迪斯阿瑪,4,東西好吃，
susu cho,4,(由 Google 提供翻譯) 好(原始評論)Good
林肇緯,2,一樣是饗食天堂，建議到別店，未到晚上8點，很多餐點都空的、未補充，幾乎都在收拾東西準備下班。
Anna Xie,4,(由 Google 提供翻譯) 很多不同的選擇。食物比標準自助餐更好。即使預訂，也請務必早點到達。(原始評論) …更多(由 Google 提供翻譯) 很多不同的選擇。食物比標準自助餐更好。即使預訂，也請務必早點到達。(原始評論)Lots of different options. Food was better than a standard buffet. Be sure to get there early even with a reservation.
Chi-Fu Lin,4,自助餐飲食的好地方
林林一二,4,(由 Google 提供翻譯) CP值ok.(原始評論)CP值ok.
Tim Yu,4,CP值很高，用餐環境佳，服務態度優，缺點是菜色變化少，要吸引顧客回籠要再用心點。
Tony Shu,3,餐盤堆滿桌整理速度慢，菜色比去年退步很多！
Shih-chieh Chen,5,CP不錯的buffet
SUSAN LYU,4,在眾多自助餐廳中，性價比算佳！
陳芋頭,2,食物越來越沒有以前這麼好吃了，感覺很多東西吃起來口味都蠻怪的
Kan seymour,5,食物種類很豐富。
孫三毛,5,(由 Google 提供翻譯) 好吃(原始評論)好吃
Joy Chen,1,用餐動線不良  排隊入場時還算有秩序  但一到餐廳裡面  大家放下東西後就開始亂了  一度以為來到中元普渡  大家搶食的畫面實在是讓人傻眼  用餐的年齡層偏高  大家都用搶的夾一堆 補菜速度也不快  空盤率蠻高的 喜歡和別人競爭搶食的人可以來這  別有一番風味  餐點普通  比路邊攤精緻一些
北科大-曾博彥,3,第一次吃，已經排隊排一次了，到我們才說預約的要先領號碼牌再排隊，結果又排了一次，還沒吃就大扣分......。
郭世欣,4,要去之前就好要訂位 沒訂位可能要等個10至15分鐘 菜色很多
姜澔本,3,😁😁😁
鄭大龍,5,(由 Google 提供翻譯) 好吃(原始評論)好吃
王愉玄,3,環境偏髒...
靖菱瑛,3,菜色豐富，但品質稍稍退步了，烤鴨捲餅的烤鴨肉薄皮也不脆，海鮮類也不是很新鮮，供餐到一點半服務生就開始撤餐檯了…
Ivy Liao,5,京站店服務很好，多國美食讓你一次滿足，交通便利，價格平民化。
盧妙鳳,5,菜色豐富任君挑選
吳璧州,3,新鮮度沒問題，但以這個價位來對應菜色和出菜速度，似乎遠遠不及外場服務員的態度和速度
陳素秋,5,(由 Google 提供翻譯) 非常多人 每天(原始評論)非常多人 每天
Simon Wu,4,還不錯👍👍
tuan lin,4,(由 Google 提供翻譯) 京站4F的主題餐廳，雖不是假日，中午11:00就很多人在排隊了。菜色多樣，空間大，適合家族朋友聚餐。 …更多(由 Google 提供翻譯) 京站4F的主題餐廳，雖不是假日，中午11:00就很多人在排隊了。菜色多樣，空間大，適合家族朋友聚餐。(原始評論)京站4F的主题餐廳，雖不是假日，中午11:00就很多人在排隊了。菜色多樣，空間大，適合家族朋友聚餐。
謝宇政,4,餐點多樣，座位還蠻舒適的。
常芬,4,菜色餐點多樣， 環境乾淨，價格偏貴了些
Vice Lim,3,還能吃，但是不便宜
江淑慧,4,乾淨。好吃
郭業銘,1,"任何一個餐廳，最重要是管理，否則有再好的設備，也是罔然，今天107.4.13,果然是黑色星期五，本單位辦活動，中午在此用餐，入內無人帶位，吃了三盤左右，大約已過五十分鐘，居然告訴我們沒訂位，要求我們10人擠8人的位置，而且是副店長親自趕人，經本人拒絕後，有些同事息事寧人，讓出一桌四人，之後發現本單位有訂位，烏龍一場，沒有道歉，讓出一桌繼續帶顧客消費，最後不了了之，如此罔顧顧客用餐心情，又在事後完全不道歉，足見人員訓練不足，管理有問題，財大氣粗之心態，如要前往消費，請自求多福， ⋯⋯更多任何一個餐廳，最重要是管理，否則有再好的設備，也是罔然，今天107.4.13,果然是黑色星期五，本單位辦活動，中午在此用餐，入內無人帶位，吃了三盤左右，大約已過五十分鐘，居然告訴我們沒訂位，要求我們10人擠8人的位置，而且是副店長親自趕人，經本人拒絕後，有些同事息事寧人，讓出一桌四人，之後發現本單位有訂位，烏龍一場，沒有道歉，讓出一桌繼續帶顧客消費，最後不了了之，如此罔顧顧客用餐心情，又在事後完全不道歉，足見人員訓練不足，管理有問題，財大氣粗之心態，如要前往消費，請自求多福，以後不會再去。"
羅麥克,5,菜色多樣，停車方便， 服務親切 非常好吃
寶珠姐旅行中,3,應有盡有 假日偏貴
yuya kasafala,4,(由 Google 提供翻譯) 我去了下午茶，但是有很多東西可以吃，我很滿意！下次我想去午餐或晚餐時間。(原始評論) …更多(由 Google 提供翻譯) 我去了下午茶，但是有很多東西可以吃，我很滿意！下次我想去午餐或晚餐時間。(原始評論)Afternoon Teaに行きましたが食べるものたくさんあり結構満足！今度はLunchかDinnerの時間帯に行ってみたいと思います。
吳幸育,4,(由 Google 提供翻譯) 吃吃喝喝(原始評論)吃吃喝喝
Bernard Cheok,2,(由 Google 提供翻譯) 從外面看起來很棒。食物還可以。沒什麼大不了的，但要花45澳元，這真是一筆不小的數目。(原始評論) …更多(由 Google 提供翻譯) 從外面看起來很棒。食物還可以。沒什麼大不了的，但要花45澳元，這真是一筆不小的數目。(原始評論)Looks great from the outside. The food was ok. Nothing smashing but for a AUD45 it's quiet a good deal.
candy huang,1,(由 Google 提供翻譯) 不好吃(原始評論)不好吃
小兔,4,位於台北京站4F/建議用餐前先訂位常客滿/有兒童椅/餐點飲料甜點選擇多/收空盤速度也很快/還不錯吃👍有機會再來吃~
宋芸芸,5,餐點平均表現都很不錯
林秉蓁,5,食物多樣化，海鮮類很多，我喜歡鮭魚生魚片
yiu tung felix Chan,5,(由 Google 提供翻譯) 食品種類繁多，格仔牛肉粒超好味，生日有折扣優惠，還送生日小蛋糕和小禮品，真貼心，CP值很高值得推薦的(原始評論) …更多(由 Google 提供翻譯) 食品種類繁多，格仔牛肉粒超好味，生日有折扣優惠，還送生日小蛋糕和小禮品，真貼心，CP值很高值得推薦的(原始評論)食品種類繁多，格仔牛肉粒超好味，生日有折扣優惠，還送生日小蛋糕和小禮品，真貼心，CP值很高值得推荐的
網醜,4,吃到爽，減肥的敵人，不過沒以前開幕那麼多樣化
ABS Ralph,4,響食天堂，第二次來吃了，依舊好吃~
邱清俊,3,嗯，感覺好像吃了很多但又不知道吃了什麼好吃的只知道吃完很渴，服務還可以CP值不高
欸子敏,4,食材大多新鮮，甜點可口，但價格偏高
小李,4,還錯，座位寬敞，菜色還OK
陳添福,4,用餐環境舒適、菜色還不錯
GARY WANG,1,"(由 Google 提供翻譯) 我是常客,每週都會帶家人或友人前往用餐,2018/03/20中午用餐後,因為趕時間,主動前往櫃台結帳,對於那位櫃台女會計的應對態度無法認同!請加強櫃台結帳人員對客人的服務態度 …更多(由 Google 提供翻譯) 我是常客,每週都會帶家人或友人前往用餐,2018/03/20中午用餐後,因為趕時間,主動前往櫃台結帳,對於那位櫃台女會計的應對態度無法認同!請加強櫃台結帳人員對客人的服務態度(原始評論)我是常客,每周都會帶家人或友人前往用餐,2018/03/20中午用餐後,因為趕時間,主動前往櫃台結帳,對於那位櫃台女會計的應對態度無法認同!請加強櫃台結帳人員對客人的服務態度"
陳月鶯,4,很多菜色都不錯! 我比較喜歡炸牛榜，脆脆的像餅乾。朋友喜歡 蚵仔湯，蛤蜊湯 一直煮? 真好笑??人太多，排隊進場等太久，令人不悅!!不討論害客人遲進時間，只要求準時離場，是否不太人道??
小天使薛之謙的,5,(由 Google 提供翻譯) 好吃(原始評論)好吃
Nita,5,種類多 補菜快
Chian Chen,4,在京站4樓，交通便利，菜色多且新鮮，燒烤煎炸都有，也有生魚片，是相約聚餐好去處。
Anita Cheng,3,相較於其他分店來說，京站店的取餐動線感覺不是很好，而且餐盤補的速度很慢，常常看到餐盤區是空的。
Chuang Sam,3,(由 Google 提供翻譯) 味道一般(原始評論)味道一般
吳澬妘,3,下午茶沒什麼東西
Sam Huang,5,東西變少
黃靈,4,第一次拿到的螃蟹很棒，大大的肚子塞了滿滿的蟹黃，但之後上的都是小螃蟹。烤牛排、豬肋排、生魚片、海鮮、烤杏鮑菇、冰品、甜點好吃，梅子餐前酒陪著喝比較不會膩。天婦羅油溫不足，很油膩。
陳善謙,4,很棒的自助式美食天堂，應有盡有。
葉勇麟,3,(由 Google 提供翻譯) 吃素的人要現場點菜，口味上可能我踩到地雷吧。我點了（打星號是我覺得還可以的） …更多(由 Google 提供翻譯) 吃素的人要現場點菜，口味上可能我踩到地雷吧。我點了（打星號是我覺得還可以的）起司番茄➡️就很「特別」而已。壽司➡️普普。手捲➡️海苔受潮很難咬。烤杏鮑菇➡️就真的是烤杏鮑菇，旁邊的配料蘆筍還比杏鮑菇好吃多了。竹笙金針湯➡️我只吃了金針，湯跟料完全沒碰，味道不喜歡。綠咖哩青菜➡️可能是因為跟泡菜一起來，我完全沒吃到綠咖哩的味道（被泡菜蓋住了）＊泰式湯➡️這個湯還不錯。＊泡菜炒年糕➡️泡菜的份量給的很足夠，年糕大概四根左右，但這道菜的泡菜彌補了我沒吃到青菜的遺憾。＊芝麻包➡️不用單點直接在港式區拿，很好吃！＊鬆餅➡️全部都受潮冷掉的，感覺不ok，但這是自助式的也就將就一下。＊奶酪➡️淡淡的奶香很清爽。＊濃起司蛋糕➡️超好吃😋＊生巧克力➡️要小口吃，因為太大口吃會濃鬱到要配飲料，超讚👍—————————————————另外，哈根達斯冰淇淋就都很普通，沒啥特別的口味，有點失望😞—————————————————飲料的話，乾淨杯子幾乎沒在補的，我12:30拿完最後一個之後，到吃飽離開13:50左右，都沒有補過，是為了環保♻️嗎？(原始評論)吃素的人要現場點菜，口味上可能我踩到地雷吧。我點了（打星號是我覺得還可以的）起司番茄➡️就很「特別」而已。壽司➡️普普。手卷➡️海苔受潮很難咬。烤杏鮑菇➡️就真的是烤杏鮑菇，旁邊的配料蘆筍還比杏鮑菇好吃多了。竹笙金針湯➡️我只吃了金針，湯跟料完全沒碰，味道不喜歡。綠咖喱青菜➡️可能是因為跟泡菜一起來，我完全沒吃到綠咖喱的味道（被泡菜蓋住了）＊泰式湯➡️這個湯還不錯。＊泡菜炒年糕➡️泡菜的份量給的很足夠，年糕大概四根左右，但這道菜的泡菜彌補了我沒吃到青菜的遺憾。＊芝麻包➡️不用單點直接在港式區拿，很好吃！＊鬆餅➡️全部都受潮冷掉的，感覺不ok，但這是自助式的也就將就一下。＊奶酪➡️淡淡的奶香很清爽。＊濃起司蛋糕➡️超好吃😋＊生巧克力➡️要小口吃，因為太大口吃會濃郁到要配飲料，超讚👍—————————————————另外，哈根達斯冰淇淋就都很普通，沒啥特別的口味，有點失望😞—————————————————飲料的話，乾淨杯子幾乎沒在補的，我12:30拿完最後一個之後，到吃飽離開13:50左右，都沒有補過，是為了環保♻️嗎？
周明潔,5,(由 Google 提供翻譯) 烤的羊肋排非常的好吃？(原始評論)烤的羊肋排非常的好吃？
金曉,5,菜色豐富
Elton Wu,4,用餐環境舒適，價格稍高
徐崇舜,2,去京站店消費過幾次都覺得還不錯，但2/18今天去消費實在讓人太失望，整個下午餐具都補不齊，要找個碗到處都沒有，再來數次看到服務人員不耐煩的臉令人感到不舒服，尤其是湯品區域的廚師，需要再多教育
廖本瑩,4,好吃但補貨需要再加強
蓁宸,3,很適合聚餐的地方食物種類超級多，超適合年輕人的...用餐環境還不錯..
LIAO LIAO,2,味道還可以，但很多本來應該是熱的都是涼的或是冷的，例:鳳爪、藥膳排骨湯，只有蛤蜊湯是熱的，食材很一般，東西有點少，沒有什麼變化性，但是價格算高的，平日晚餐一個人加服務費NTD 878~但是晚上6點半入場可以用餐到九點半打洋~
jack lee,4,位置不錯，食材尚可
林彥廷,2,服務不太好
Victor Ted,4,不錯。東西好吃
pop chang,3,還不錯吃，食物多
王文福,3,(由 Google 提供翻譯) 用餐人很多擦手紙及濕紙巾用完沒有立即補，可能外場人員太忙吧！肉類如牛排太硬不知是否控製成本因素。(原始評論) …更多(由 Google 提供翻譯) 用餐人很多擦手紙及濕紙巾用完沒有立即補，可能外場人員太忙吧！肉類如牛排太硬不知是否控製成本因素。(原始評論)用餐人很多擦手紙及濕紙巾用完沒有立即補，可能外場人員太忙吧！肉類如牛排太硬不知是否控制成本因素。
陳柏愷,5,食材多樣
purinpurin moon,4,Buffet不錯，和同種類餐廳相比，台式熱炒是特點。
Tidus Ho,4,中規中矩，補菜速度有點慢
Adi Suryanto,5,(由 Google 提供翻譯) 有史以來最好的自助餐廳(原始評論) …更多(由 Google 提供翻譯) 有史以來最好的自助餐廳(原始評論)Best ever buffet restaurant
CoCo的日常筆記,5,很便宜，菜色選擇性多樣化，所有飲料皆能自取
S L,1,排隊排很久，食材樣式沒有比以前多也不好吃，價格不便宜一個人都快1千了！
呂宗祐,4,有一陣子沒來這用餐菜色有更新哦更新菜色後會想再訂位來用餐 ⋯⋯更多有一陣子沒來這用餐菜色有更新哦更新菜色後會想再訂位來用餐交通也便利，用餐後可以逛百貨或看電影都在同一棟建物內
Ali Pega,5,(由 Google 提供翻譯) 您可以在亞洲自助餐廳享用所有美食。(原始評論) …更多(由 Google 提供翻譯) 您可以在亞洲自助餐廳享用所有美食。(原始評論)Every thing you can want in an Asian buffet restaurant.
彭忠行,3,饗食天堂(京站店)優點在於地點方便以及用餐不限制時間，適合聚餐閒聊的好地方，關於食品還算OK啦！
Y Y,1,假日晚餐時間去的在海鮮區吃到臭掉的螺肉外蟹肉燒賣也吃掉臭掉的蟹肉整體味道都跟價格不成正比所以當下也沒有想跟服務員反應了 ⋯⋯更多假日晚餐時間去的在海鮮區吃到臭掉的螺肉外蟹肉燒賣也吃掉臭掉的蟹肉整體味道都跟價格不成正比所以當下也沒有想跟服務員反應了例如牛肉鹹餅也是味道很差整個粉粉的醉蝦不知道醉在哪裡 海鮮的新鮮度也沒有到很彈牙吃了一圈真的都沒有會讓人想再吃一次的食物唯一可取的大概只有蛋糕跟哈根達斯了吧聽聞很久饗食天堂第一次去用餐就覺得食物很不怎麼樣，真的覺得這個價格但這種品質真的超不划算的
施釋迦,5,非常好吃😋適合朋友聚會，一起大吃大喝
昭君林,4,晚餐，用餐時間可從17：30～21：30，可盡情享用各種不同的美食喔！
Kuei-Yun Liao,5,超棒的餐廳，食材新鮮又精緻。
Rouyi Lin,3,座位安排比較擁擠，肉品口感較乾澀，海鮮類食材少，甜點冰品好吃
밝은검사한량,4,(由 Google 提供翻譯) 相當不錯的自助餐(原始評論)꽤 괜찮은 부페
張書銘,1,連想訂位電話都一直打不通是哪招!!
沈逸翔,3,餐點多樣化，但普遍精緻度不足，如果只是純粹想吃海鮮建議還有其他更好的選擇，近年來價格一直漲，也不見餐點的進步，CP值越來越低，不過服務員收餐很快，這點不錯，建議事先訂位(電話/網路)，現場排的話就要看運氣了。
王健宇,3,(由 Google 提供翻譯) 比起其他饗食天堂，座位感覺較少，菜色一般，目前有螃蟹可吃，另外鴨粥雖然味道較不鹹，但湯汁濃鬱！(原始評論) …更多(由 Google 提供翻譯) 比起其他饗食天堂，座位感覺較少，菜色一般，目前有螃蟹可吃，另外鴨粥雖然味道較不鹹，但湯汁濃鬱！(原始評論)比起其他饗食天堂，座位感覺較少，菜色一般，目前有螃蟹可吃，另外鴨粥雖然味道較不鹹，但湯汁濃郁！
frank liu,5,(由 Google 提供翻譯) 好(原始評論)good
Anny Wang,3,空間比較窄小， 服務很好食物品質好像下降了，但甜點跟牛肉相關的料理都不錯燒賣像冷凍食品，醉蝦裡的豬排骨超乾柴
Julie Shen,3,覺得大直的比較好
就純娛樂,1,一個月至少消費4次的我，應該算蠻有愛的吧~但最近一次去，看著第一批客人離席後，幾乎沒人整理，從18點50分到20點20分，走了8~9桌（包含幾桌大桌的），確只叫了2號。我了解整理需要時間，所以等了十分鐘，但仍然完全沒人去整空桌，告知櫃台確稱還沒空位，等我指給她看後，終於開始整理，十分鐘內竟然就輪到排在10個順位的我了。不知道是不是反正公司為了照顧消費者，沒有訂可用餐的時間，賺錢是公司賺，少進些客人自己可以清鬆點的概念？
Yin Chen,3,(由 Google 提供翻譯) 公司招待(原始評論)公司招待
陳文洋,3,餐點好吃且地點好，冰淇淋哈根達斯口味也多達8種。但價格偏貴且用餐時間只有兩個小時，和親友聚餐的話時間很趕
MEI CHUN YU,4,餐點還算精緻好吃！
林耀堂,2,物廉價貴！食材不如人意…
高詩婷,3,價格真的是越來越貴了！食物中等，推骰子牛以及蛤利湯，跟甜點，其餘一般般！如果價格平日五百多，假日六百多，我就覺得可以接受...
chiu Hsu,5,餐點樣式豐富又好吃
9915商店,4,吃得都一樣新鮮好吃，但是吃久了感覺都沒有新的。
bpchen bpchen,4,還不錯，用餐卷較划算
Luke Lee,5,(由 Google 提供翻譯) 絕對是鎮上最好的自助餐。必須嘗試推薦給可能路過的遊客或尋找一個用餐的好地方的遊客。在這裡與朋友和家人的美好經歷。(原始評論) …更多(由 Google 提供翻譯) 絕對是鎮上最好的自助餐。必須嘗試推薦給可能路過的遊客或尋找一個用餐的好地方的遊客。在這裡與朋友和家人的美好經歷。(原始評論)Definitely the best buffet in town. A must try to be recommended for tourists may passed by or looking for a nice place to dine in. Great experiences with friends and family here.
林姿妘,1,(由 Google 提供翻譯) 1. 朋友預約(18:30)，電話接通時被掛斷，當下回播卻一直打不通。後來現場等待得知他們接待大團賓客(18:00)，在18：30時餐廳早已滿位，其中是否有超預約的疑慮? …更多(由 Google 提供翻譯) 1. 朋友預約(18:30)，電話接通時被掛斷，當下回播卻一直打不通。後來現場等待得知他們接待大團賓客(18:00)，在18：30時餐廳早已滿位，其中是否有超預約的疑慮?2. 這次的用餐人數為10人，當下來客數不多，但安排的位子卻不是連貫的，溝通許久後，服務員才願意讓我們換位子。3. 拿了多次新的餐盤，外圍有明顯刮痕、髒污。跟以往用餐的印像差很多，這次用餐的感覺頗失望的。(原始評論)1. 朋友預約(18:30)，電話接通時被掛斷，當下回播卻一直打不通。後來現場等待得知他們接待大團賓客(18:00)，在18：30時餐廳早已滿位，其中是否有超預約的疑慮?2. 這次的用餐人數為10人，當下來客數不多，但安排的位子卻不是連貫的，溝通許久後，服務員才願意讓我們換位子。3. 拿了多次新的餐盤，外圍有明顯刮痕、髒污。跟以往用餐的印象差很多，這次用餐的感覺頗失望的。
Andrew Chan,2,鐵板料理偏油偏鹹，菜色選擇偏少，服務人員切牛肉或豬肉有點小氣，實在沒必要怕客人吃。
Whom,4,老牌的吃到飽餐廳，菜色豐富，還是好吃啊...
lo曼,1,吃了一次不會想在去，電話難通口氣驕傲我是不懂你有多麼的了不起，東西普通假日菜色多樣平日的菜很普通，花錢吃飯是要享受不是看你們的臉色，有錢也不願意給你賺什麼態度口氣差到極致
Tina,3,以吃到飽的價格來說不貴，但品質沒以前那麼好了。甜點不錯、炸蝦好吃、生魚片新鮮
Andy Wu,4,中規中矩
大中,2,大直店比較好吃
Calvin Chen,3,感覺這家口味吃起來沒大直分店的品質好. 真的變成吃粗飽了.
DONNY Lie,5,(由 Google 提供翻譯) 上等五星級的自助餐...因此它是一家沒有酒店的五星級餐廳。(原始評論) …更多(由 Google 提供翻譯) 上等五星級的自助餐...因此它是一家沒有酒店的五星級餐廳。(原始評論)Upper class 5 star-like buffet...so its a 5 star restaurant without the hotel.
opti-solar,5,"(由 Google 提供翻譯) Qsquare上不錯的日式自助餐，強烈建議您預約(原始評論) …更多(由 Google 提供翻譯) Qsquare上不錯的日式自助餐，強烈建議您預約(原始評論)Nice japanese buffet in Qsquare, highly suggest reservation"
bubu905155,2,CP值頗低 ，東西普普 ，撐不上好吃
Chen-Han Lin,1,食材跟照片差太多，不知道在貴什麼
汪怡萱,5,還不錯哦
Frances Huang,4,取餐區集中，很方便，服務態度佳
DeathMan Huang,3,算是中規中矩的buffet
王星,1,漲價就算了，還越做越差？之前還有蛤蟆湯，現在都沒了，上禮拜還有火烤鹽生蠔跟檸檬泰式魚，這禮拜去都沒了？重點是旁邊的飲料區，一次比一次做的還爛，一次比一次種類還少，早期都還有先打果汁像是西瓜汁什麼的！現在都是濃縮合成的嗎？
Rebecca Lee,1,打了兩小時電話，年夜飯全滿，傻眼👀⋯⋯
張寶雪,4,(由 Google 提供翻譯) 新鮮食材(原始評論)食材新鮮
張代均,5,餐點不錯
Frank Jiang,5,CP值最高的Buffet無庸置疑
陳俊曄,3,生魚片蠻好吃的
王福闓,3,食材不錯，生牛肉有加分但半數調理方式普通尤其是主食類
Mengting Chang,3,食材還不錯服務也不錯但驚喜度不夠
王先生,1,根本是吃粗飽的BUFFET，餐點光有品項卻沒有品質，餐盤的清潔很有問題。食材非常不新鮮，跟朋友第一次去吃，竟然四人回家都拉肚子。這種餐廳竟然還那麼多人推....打死不去第二次
Li P Zheng,1,有些服務人員態度極差部分餐點還算能吃
YANG,1,部分服務生態度差勁 跟台中比差多了
王志强,4,(由 Google 提供翻譯) 好吃(原始評論)好吃
蘇子翔,4,牛肉   肋排沒有很好吃  卻很多人排  不推甜點蛋糕比較有水準!!
Eve Hsu,2,領班服務態度很差勁，衛生也不太好，會從天花板一直掉黑色的灰塵下來，有的大灰塵有四五公分長，反應了只是被挪到其他座位還要和同行的人拆桌相隔兩個區域坐，來兩次了用餐經驗都不好
ken yip ken yip,5,"好多野食,味道不錯"
demon demon,1,變太多
劉彥辰,1,水準跟以前完全不能比 唉.....
Ngan Jan,4,晚餐一般般，他的港式料理很難吃，其他菜色還可以，可以吃其他分店
Richard Wang,4,我吃過的分店中前三名
胡芝穎,2,電話永遠在通話中，到底要怎麼訂位啦？？
孔祥斌,3,中午用餐時間明明是11：30～14：00，可是才13：00不到，有些菜空鍋沒再補甚至還有已經打包收起！
苖家瑋,1,(由 Google 提供翻譯) 今天去京站威秀看電影，順便去嚮食天地，去吃東西，因為是路過跟心血來潮去吃，沒有定位但是因吃午餐下午2點半的電影，早上十點五十分到現場，想直接去吃，有吃過京站饗食天堂，外場接待服務待度好差，後補等餐很久，都快三個鐘頭，只開放網絡及電話預約的客人，到現場排隊的都成後補，問現場接待人員，態度非常不耐煩又差，好吃的餐廳那麼多，又不差這一家，只是順便經過，下次不去京站，饗食天地又不只這家，下次在也不來吃了😅😅😅😅😅 …更多(由 Google 提供翻譯) 今天去京站威秀看電影，順便去嚮食天地，去吃東西，因為是路過跟心血來潮去吃，沒有定位但是因吃午餐下午2點半的電影，早上十點五十分到現場，想直接去吃，有吃過京站饗食天堂，外場接待服務待度好差，後補等餐很久，都快三個鐘頭，只開放網絡及電話預約的客人，到現場排隊的都成後補，問現場接待人員，態度非常不耐煩又差，好吃的餐廳那麼多，又不差這一家，只是順便經過，下次不去京站，饗食天地又不只這家，下次在也不來吃了😅😅😅😅😅(原始評論)今天去京站威秀看電影，順便去嚮食天地，去吃東西，因為是路過跟心血來潮去吃，沒有定位但是因吃午餐下午2點半的電影，早上十點五十分到現場，想直接去吃，有吃過京站饗食天堂，外場接待服務待度好差，後補等餐很久，都快三個鐘頭，只開放网絡及電話預約的客人，到現場排隊的都成後補，問現場接待人員，態度非常不耐煩又差，好吃的餐廳那麼多，又不差這一家，只是順便經過，下次不去京站，饗食天地又不只這家，下次在也不來吃了😅😅😅😅😅
Kelly Lewis,5,東西好吃~~晚上平日預定也是將近8成滿，推薦鴨粥和pizza、日式料理。海鮮很普通。
王毅萍,1,打了一個下午的電話，一直不通。我想要訂位啊！
Foodie x Hunter,1,請注意饗食天堂訂位，會有內鬼把個資洩漏給詐騙集團要加入什麼尊貴會員然後要你匯款！ ⋯⋯更多請注意饗食天堂訂位，會有內鬼把個資洩漏給詐騙集團要加入什麼尊貴會員然後要你匯款！饗食天堂都裝沒事⋯⋯⋯然後這些餐飲集團都沒有任何致歉或賠償～
Vincent Liu,1,電話沒人接 建議訂信義店
羅玄車,3,選擇多樣吃粗飽還行
enjoy519,4,餐點菜色多樣化 服務佳 CP值高
兔胚前衝三,3,"(由 Google 提供翻譯) ""老闆, 很鹹"" 這句話是指,某人很小氣的意思, 原本的意思是提供三餐給員工的老闆;總會要求廚房煮鹹一點, 這樣員工才會少吃點菜, 多吃點飯.. 畢竟菜的成本貴過白飯.. 上週六到京站店用餐, 成本高的菜都出現太鹹的情況, 超鹹.. 我不知道是故意如我前面所猜測, 還是真的不小心.. 不為成本考量也為大家健康考慮一下.. 建議店長有空自己試試看那些菜色的味道吧.. (我是不考慮在光顧京站店) …更多(由 Google 提供翻譯) ""老闆, 很鹹"" 這句話是指,某人很小氣的意思, 原本的意思是提供三餐給員工的老闆;總會要求廚房煮鹹一點, 這樣員工才會少吃點菜, 多吃點飯.. 畢竟菜的成本貴過白飯.. 上週六到京站店用餐, 成本高的菜都出現太鹹的情況, 超鹹.. 我不知道是故意如我前面所猜測, 還是真的不小心.. 不為成本考量也為大家健康考慮一下.. 建議店長有空自己試試看那些菜色的味道吧.. (我是不考慮在光顧京站店)(原始評論)""老板, 很鹹"" 這句話是指,某人很小氣的意思, 原本的意思是提供三餐給員工的老板;總會要求廚房煮鹹一點, 這樣員工才會少吃點菜, 多吃點飯.. 畢竟菜的成本貴過白飯.. 上週六到京站店用餐, 成本高的菜都出現太鹹的情況, 超鹹..  我不知道是故意如我前面所猜測, 還是真的不小心.. 不為成本考量也為大家健康考慮一下.. 建議店長有空自己試試看那些菜色的味道吧.. (我是不考慮在光顧京站店)"
Justina Wang,4,服務親切 餐點多樣
ADaM SuNG,5,2017/7/17下午茶場專職做骰子牛的廚師，你辛苦了，加油跟你要五分熟的小姐的確很白目
teruo yoshioka,4,(由 Google 提供翻譯) 各種各樣的啤酒。我喝了很多。天啊我要你多做點飯。 …更多(由 Google 提供翻譯) 各種各樣的啤酒。我喝了很多。天啊我要你多做點飯。(原始評論)ビールの種類豊富。いっぱい飲んだ。天国。料理はもう少しがんばってほしいかな。
徐譽齊,4,食材還蠻新鮮的，料理的也挺好吃的！
周海欣,4,東西超多樣的 好好吃喔
carlos yang,3,服務好
FATE,4,食物種類多，但能吃的普普，價格貴，但優點不限時間，在台北好聚會的地方...
Sophie Yeh,4,整體來說挺不錯吃的。
Hom ',1,電話打不進去啊
S IU,4,菜色多，精緻度還可以，價位合理，哈根達斯冰淇淋可以吃得很過癮。捷運台北車站可到，交通方便。
MONICA152 CHEN,1,"(由 Google 提供翻譯) 106/6/29第一次至京站饗食天堂享用下午茶，順便慶生，約下午3點40分左右從天而降下一坨灰塵，有感覺式的打在兒子的頭上，兒子當下還一直以為遇到了熟人打了他的頭一下，所以他就不由自主的回頭看，接著就低下頭準備繼續享用他的美食，哪知不偏不倚的掉了一塊很大塊的蜘蜘屑入他的濃湯裡，他就將他撈起後問我那是什麼?我當下一直以為那隻是湯頭被污染而已，哪知，我們用的桌面及桌面上的所有食物與餐具竟完全的被污染灰塵令人做噁與反胃, …更多(由 Google 提供翻譯) 106/6/29第一次至京站饗食天堂享用下午茶，順便慶生，約下午3點40分左右從天而降下一坨灰塵，有感覺式的打在兒子的頭上，兒子當下還一直以為遇到了熟人打了他的頭一下，所以他就不由自主的回頭看，接著就低下頭準備繼續享用他的美食，哪知不偏不倚的掉了一塊很大塊的蜘蜘屑入他的濃湯裡，他就將他撈起後問我那是什麼?我當下一直以為那隻是湯頭被污染而已，哪知，我們用的桌面及桌面上的所有食物與餐具竟完全的被污染灰塵令人做噁與反胃, 當下服務生雖然很快的過來幫我們收拾並換上乾淨的餐具，領班過來致歉後，當天的所有消費還是照單全收$_$，但因這個插曲，兒子說他沒吃飽，回家的路上我還拉了兩次肚子，讓我真的感到很不值、掃興與生氣。另外，昨天還發現至貴公司FB反應的貼文好像被封瑣，因我看得到自己的po文，而他人卻看不到我的po文？若貴公司仍想再次封瑣訊息沒打算處理，我就只好另找出口解決😤(原始評論)106/6/29第一次至京站饗食天堂享用下午茶，順便慶生，約下午3點40分左右從天而降下一坨灰塵，有感覺式的打在兒子的頭上，兒子當下還一直以為遇到了熟人打了他的頭一下，所以他就不由自主的回頭看，接著就低下頭準備繼續享用他的美食，哪知不偏不倚的掉了一塊很大塊的蜘蜘屑入他的濃湯裡，他就將他撈起後問我那是什麼?我當下一直以為那只是湯頭被污染而已，哪知，我們用的桌面及桌面上的所有食物與餐具竟完全的被污染灰塵令人做噁與反胃, 當下服務生雖然很快的過來幫我們收拾並換上乾淨的餐具，領班過來致歉後，當天的所有消費還是照單全收$_$，但因這個插曲，兒子說他沒吃飽，回家的路上我還拉了兩次肚子，讓我真的感到很不值、掃興與生氣。另外，昨天还發現至贵公司FB反應的貼文好像被封瑣，因我看得到自己的po文，而他人卻看不到我的po文？若贵公司仍想再次封瑣訊息沒打算處理，我就只好另找出口解決😤"
Yc Song,4,不錯
Bert Chang,3,CP值沒那麼高了
Youtube公道伯,1,沒豆酥鱈魚吃了 比起之前 不推 唯一好的是位置
nicol bao,1,東西太少，同樣價錢不如去其他餐廳，單點吃還比較好吃划算，而且櫃檯服務人員態度不佳，
莊孟柏,2,東西太少
秋天,3,餐點普普。炒冰好吃。
鄭惠敏,1,都不接聽電話ㄉ餐廳，高傲嗎？超扯
楊朝淵,1,天花板掉下老鼠在海鮮區級烤鴨烤肉區跑跳😓這種用餐環境………不會在去的。
朱小鼎,1,打了一個多小時的電話都不通⋯想訂位都不行
張妞妞,4,餐點新鮮好吃，也吸引大批果蠅朝聖，倒置我們都滿頭包，真4難忘的生日禮物！
eagle,3,菜色不如桃園店
杜月笙,1,"1. CP值非常差,不是好的Buffet.2. 價位698-898(另加10%)可以改吃其他餐廳,而且又新鮮好吃~3. 多加200可以吃到10星的餐廳,為何省那200去吃3星的餐廳?"
李宏隆,4,假日很難訂到位，又貴，現在餐點品質現在一直下降
chin pok Pang,4,頭一個小時沒什麽東西 大家都在吃 東西很多不過沒有到很高級
田志偉,5,服務好 菜色很多種 甜點很好吃
SALLY Chang,4,平日中午去的，有買餐券覺得CP值不錯，原價的話可能價位就高一點。生魚片和炙燒鮭魚握壽司好吃，海鮮種類少，烤鴨夾餅好吃，幾道豬肉和牛肉料理的太鹹且硬，有點可惜，甜點普通。廚師和服務人員態度都非常好，收盤很快，會再訪。
Oscar Hsu,4,價錢雖然高了些，但是菜色種類真的很多，味道也都滿好的，不過冰淇淋超硬超難挖... 有些熱門菜色要排隊等有點時間。
Marcelo Largaespada,2,"(由 Google 提供翻譯) 體面的食物，但服務非常糟糕。我在餐廳見過的最糟糕的收款方式之一。 “帳單收款人”在中餐時四處走動，將您的賬單交給您，並等待當場付款。他們希望每個人都準備好在他來到您的桌子上時付出代價，這實際上會打擾您的用餐並破壞您的體驗。有一百種方法可以改進此過程。還有其他一些服務考慮不周的情況，但這是最突出的。 …更多(由 Google 提供翻譯) 體面的食物，但服務非常糟糕。我在餐廳見過的最糟糕的收款方式之一。 “帳單收款人”在中餐時四處走動，將您的賬單交給您，並等待當場付款。他們希望每個人都準備好在他來到您的桌子上時付出代價，這實際上會打擾您的用餐並破壞您的體驗。有一百種方法可以改進此過程。還有其他一些服務考慮不周的情況，但這是最突出的。(原始評論)Decent food but the service is incredibly bad. One of the worst ways of collecting payment I have ever seen in a restaurant. The ""bill collector"" walked around mid-meal handing you your bill and waiting for payment on the spot. They expect everyone to be ready to pay the moment he comes to your table, essentially interrupting your meal and ruining the experience. There are a hundred ways this process could be improved. There were other instances of poorly thought out service but this stood out the most."
高承翰,3,菜色多樣，生魚片好吃，也很適合素食者
Jim Hsu,4,Buffet 式餐廳，位於臺北火車站後站對面附近，聚餐適宜。菜色囗味一般，但價格與cp值不符。
Taiki Sekiguchi,4,(由 Google 提供翻譯) 台灣一家無限量自助餐餐廳。台灣人愛吃到飽！無限量進餐的優質美食，包括牡蠣湯，牛排和生魚片中蒸熟的牡蠣。 …更多(由 Google 提供翻譯) 台灣一家無限量自助餐餐廳。台灣人愛吃到飽！無限量進餐的優質美食，包括牡蠣湯，牛排和生魚片中蒸熟的牡蠣。無限暢飲台灣啤酒和豐富的甜點。預訂更好，因為它是一家受歡迎的商店。(原始評論)台湾の超人気ビュッフェスタイルの食べ放題レストラン。台湾人は食べ放題が大好き！料理のクオリティは食べ放題だが高く、カキの土瓶蒸しやステーキ、お刺身と幅広い。台湾ビールも飲み放題、デザートとも豊富。人気店なので予約がベター。
Mr.肯尼,4,食物的供給速度不錯人潮眾多 需要提早一天訂位收盤子的速度有點不夠快喜歡炸物 還有熱炒 很用心
Xin,4,饗食天堂 京站店
貞玉陳,1,電話都不接，上面的高層都不管事嗎？
James Chen,5,(由 Google 提供翻譯) 聚餐的好地方，交通也方便(原始評論)聚餐的好地方，交通也方便
Melody Chen,4,菜色多元，推生魚片
YL Wu,4,還不錯，但價位越來越貴囉~!吃過舊的內湖店、大直店、京站店。重點不限時間，可以慢慢吃
邱雪湄,4,"一直以來都聽聞饗食天堂但今天終於一願以常而且還是全家四口難得外出用餐,在此感謝店家提供我們豐盛的美食將來若有機會必定再次照訪"
王仲壽,3,吃得到各國料理
洪聿昕,4,菜色多樣
瀠清,4,菜色很多樣，不過最好提前定位在去
ginny,4,Buffet中東西最豐富的店 只是位子相較別間有點擠
長谷長谷,3,電話打不進。無法預約。已打兩天
徐維隆,1,永遠都不接電話！
簡信義,5,"下午5：30,可以吃到晚上09：00,真是太體貼了"
C C,4,好吃！適合聚餐
巫信一,3,東西還不錯可是要稍微等一下才有位置
Cecilia,3,(由 Google 提供翻譯) Cp值高，骰子牛好吃(原始評論)Cp值高，骰子牛好吃
蔡維澤,5,東西新鮮好吃，價格公道合理。
joanne,3,東西變少，普普通通～幾乎都冷盤，熱食少樣～甜點也沒很多總累可以選擇，有點小失望😭😭😭
e j,3,晚餐四分，下午茶兩分。種類多，晚餐可悠閒地吃，但下午茶排隊路線沒分開，拿個牛肉要從其他食物開始排整圈，補菜又很慢，沒吃到多少就兩小時了。
林小玲,3,很不錯，但要在訂位電話永遠打不進去，從早上打到晚上一樣是通話中……
儀君蔡,1,電話超級無敵難打通，一直一直通話中。😡😡😡
周健龍,1,京站店我今天中午要預約訂位，從中午1點打電話打到1點半都沒人接電話~~在搞啥東東啊…電話沒人接~~倒店了嗎？
黃金誠,5,(由 Google 提供翻譯) 好吃~聚餐的好地方(原始評論)好吃~聚餐的好地方
Sound Paul,4,吃得飽
樺Hua,4,菜色多樣化 炸蝦和德國豬腳，鮪魚生魚片好吃 收盤速度快 服務親切
吳相賢,5,餐點不錯
Kimvey Yap,4,(由 Google 提供翻譯) 台灣最好的自助餐廳之一！(原始評論) …更多(由 Google 提供翻譯) 台灣最好的自助餐廳之一！(原始評論)One of the best buffet restaurants in Taiwan!
mii karu,4,(由 Google 提供翻譯) 我不能輕易預約在工作日確定。這是一家您可以享受各種美食的商店。 …更多(由 Google 提供翻譯) 我不能輕易預約在工作日確定。這是一家您可以享受各種美食的商店。(原始評論)なかなか予約もとれませんが平日は大丈夫❗種類も豊富で楽しめる店です。
莊博全,4,菜色多，以其價格能達到這樣的水準算不錯
LIN,3,下午茶人太多了 東西也沒其他分店多
nnn168,4,不錯
Chang Karan,2,本來要給一顆星，曾在台中吃過三次，同樣餐廳但台北比較不OK，有些東西已用完，旦是補菜太慢，還要等。
陳泰全,5,(由 Google 提供翻譯) 食物很美味(原始評論)食物很美味
吳烏龍,2,訂平日當天晚上的位置，不要急著10點就開始打，不是打不通就是無限的等真人聽電話，12-14點打馬上有人接馬上預定晚上位置，京站跟板橋店都這樣的；不要相信10點就開放電話預約，11:30開始營業還是打不進去的，有空接才會有人接-是吧！?
黃逢逸,5,菜色齊樣式多好吃
謝沅志,5,東西不錯吃，也會隨著季節改變巴菲的食材，服務態度佳
陳亭諭,4,吃到飽系列中，響食天堂整體來說算不錯的只是價位一年比一年高我從一人五百多吃到現在 WOW要8.9百
COŞKUN BİLEN,5,(由 Google 提供翻譯) 這是一個了不起的地方。你發現我喜歡的任何你喜歡的東西，因為我挑剔😋(原始評論) …更多(由 Google 提供翻譯) 這是一個了不起的地方。你發現我喜歡的任何你喜歡的東西，因為我挑剔😋(原始評論)It is an amazing place. You find whatever you like coz i found as i am picky 😋
陳志瑋,5,東西很好吃 空間也很大不會很擠
BoBo bo,4,種類豐富，海鮮方面感覺還好新鮮度較不夠。
阿鬼,4,當月壽星還有小蛋糕和小禮物~
sb02041005,3,以饗食天堂來說這家比較優一些
Brian Hsu,4,很不錯
黃丕憲,3,還好
Zion Yang,3,(由 Google 提供翻譯) 食物一般(原始評論)食物一般
Winning Chou,3,骰子牛炒的很好吃，燒烤的魚類，就過熟了，服務態度很好
張吉米,4,很多食物種類
劉藍玲,5,(由 Google 提供翻譯) 美味(原始評論)美味
Brandan Chen,4,菜色很多，豐富，口味也不錯，假日午餐一人約$900
王小花,3,吃到飽的選擇之一。
jiunfu yang,5,(由 Google 提供翻譯) 人多了些，但想拿的菜都能拿到(原始評論)人多了些，但想拿的菜都能拿到
Marsols Chang,3,好吃的沒幾樣，非常 soso
潘建宇,4,價位可以接受 食材一般
Ben Biggs,4,"(由 Google 提供翻譯) 優質的壽司和生魚片選擇，熟食很好，但蝦和蟹等冷海鮮令人失望。儘管如此，我們付出的代價並沒有那麼糟糕。(原始評論) …更多(由 Google 提供翻譯) 優質的壽司和生魚片選擇，熟食很好，但蝦和蟹等冷海鮮令人失望。儘管如此，我們付出的代價並沒有那麼糟糕。(原始評論)Excellent sushi and sashimi selection, cooked food is good, but the cold seafood like prawn and crab were disappointing. Still, it's not that bad for what we paid."
梳子,3,動線規劃不是很好，價格不斐
Hans Chen,3,(由 Google 提供翻譯) 普普(原始評論)普普
蒲文中,4,交通方便，食材還不錯，要先訂位。
mingo A,4,菜色多元，適合聚餐，且可提供挑嘴的人好去處，也有提供酒精性飲料唷
Yeh Dunken,4,客人眾多，補菜迅速，一位難求
Shuo-chung Hung,4,食材多樣
張宜賢,3,餐食種類算多，也不小氣，雖然我永遠只吃那幾樣
許景綾,5,小貴，食材新鮮好吃，不限時
Kent Wang,3,略貴
Thomas,5,(由 Google 提供翻譯) 台北最好的自助餐廳之一。價格也很合理。(原始評論) …更多(由 Google 提供翻譯) 台北最好的自助餐廳之一。價格也很合理。(原始評論)One of the best buffet restaurant in Taipei. The price is also very reasonable.
이기범,5,(由 Google 提供翻譯) 比德馬里斯更好ㅇ？ ㅇㅇ(原始評論)드마리스보다 낳다. ㅇㅈ? ㅇ ㅇㅈ
Pei-Yu Chen,2,沒有重點菜色可以主攻。三點蟹不新鮮，不知道是泡太久還是剛退冰，肉很水沒味道。鮟鱇魚肝佐水果醋腥味很重，但我看還是很多人拿，所以不予置評。土瓶蒸應該是很難失敗的食物，居然毫無味道。好吧！甜點還可以，野梅杏仁蛋糕好吃。
女巫國際股份有限公司,5,饗食天堂
Albert wu,2,"沒訂到位的建議不要排補位,不要相信櫃台給的不準確時間, 只會白白餓肚子且浪費自己時間等待覺的櫃台為增加來客數, 而不去好好掌控自己店內情形, ⋯⋯更多沒訂到位的建議不要排補位,不要相信櫃台給的不準確時間, 只會白白餓肚子且浪費自己時間等待覺的櫃台為增加來客數, 而不去好好掌控自己店內情形,明知店內已飽合無法再納客 卻還接受客戶等候排補位 讓顧客空等有失店家應有的服務精神...東西不錯吃 消費過一次 而這第二次欲消費卻有這不好觀感若要第三次去消費我相信可以有其他更好的選擇"
Zhi-Guan Zhou,5,CP值高，美食質量精美
賴Natasha,2,食物品項越來越少了
hong,4,還不錯 比起同價位的火鍋或是燒烤吃到飽我會選擇這個
許昌合,4,(由 Google 提供翻譯) 好吃(原始評論)好吃
Wei-Yuan Kuo,4,餐點種類多樣，還有壽星優惠活動，推冰淇淋、蜜蕃薯以及日式料理
Linus Ding,4,(由 Google 提供翻譯) 多種新鮮食材(原始評論)食材新鮮種類多
Sa Sa,1,整個失望到爆 食材超不新鮮 吃個絲瓜蛤蜊一吃就吐出來甜點台忙到爆服務人員態度超差總之就是一個失望+後悔浪費錢的經驗
Roy H,3,"種類多, 不精緻, 吃粗飽ok."
林育如,5,吃到飽的概念 …
cychen yuyu,4,好吃，但菜色沒什麼變化
CHENGYAO HO,4,交通非常方便是我覺得最好的地方，很適合包場舉辦大型聚會。至於好不好吃就看人喜好了，因為菜色非常多元豐富
微禎廖,4,服務生態度好 餐點種類多
鐘翊修,4,推牛肉湯，生食和甜點
陳水晶,5,平日假日餐點差不多……所以下午茶最划算！蛋糕不錯吃、炒冰很好玩、煎牛肉塊最棒、湯好喝、披薩差、熱食不錯吃、水果多又新鮮、沙拉多又好吃、炸物ok、壽司普通、港式點心差、烤鴨普通、螃蟹只冬季有，是家一年可去三到四次的吃太飽餐廳， ⋯⋯更多平日假日餐點差不多……所以下午茶最划算！蛋糕不錯吃、炒冰很好玩、煎牛肉塊最棒、湯好喝、披薩差、熱食不錯吃、水果多又新鮮、沙拉多又好吃、炸物ok、壽司普通、港式點心差、烤鴨普通、螃蟹只冬季有，是家一年可去三到四次的吃太飽餐廳，在炸物日式那排隊的人很怪？要吃就排在要吃的那邊才對，而不是把整條路排滿，要吃炸物不吃日式的怎麼辦？真是有病。
I am Ni Ta,4,東西真的多  餐點幾乎滿的狀況
科科科,5,熱食很精彩，好吃！
ML LEE,4,料多味美，請先訂位
Ben Chiang,4,食物豐富，座位多，交通方便，可搭乘大眾運輸，附有啤酒，可以酒後不開車。
林鼎翔,5,服務態度良好 食物豐富好吃
Michael Lee,5,吃到飽美食
陳水龍,4,菜色多新鮮
KEN宇,4,食材多~新鮮~美味
Fox Fok,5,平！！！！！絕對抵食又好味！
王靖雯,4,尾牙好選擇👍
劉輝雄,4,你喜歡吃什麼就吃什麼？
林永富,3,價格可以接受，東西也不錯吃
Cheng Chou,3,餐點選擇多元化 飲料飲品多但還可以現煮現切食材少 鬆餅炒冰甜點還不賴基本上建議訂位 人員服務快速且到位
Ryan Llorin,4,(由 Google 提供翻譯) 非常好的食物和種類繁多！(原始評論) …更多(由 Google 提供翻譯) 非常好的食物和種類繁多！(原始評論)Very good food and a great variety!
Joy Chao,2,餐點選擇性和備餐量太少。
jamie huang,5,食物豐富
盈毅劉,3,東西豐富新鮮
Lin Eason,5,好吃，新鮮
James Hsu,4,人潮眾多，需要先訂位
李岳憲,4,(由 Google 提供翻譯) CP值高(原始評論)CP值高
ALAN CHEN,4,吃完一輪就撐的不行了，停車點很貴
Joey Huang,3,菜色種類多樣化，食材新鮮，但座位稍嫌擁擠，吃飽好選擇
Antonio Jeng,4,年紀大的不建議來吃
金沙,5,食物美味，氣氛佳
李幸福,3,尚可，不必過度期待
山杉,4,(由 Google 提供翻譯) 一如想食(原始評論)一如想食
Zack Cho,2,這家用餐環境比信義ATT髒。食物種類多而不精，不過以價錢來說，屬於同類型中的中低價位，自然有其存在的道理。
吳雅卉,4,預約也需要小小的排隊一下，不過選擇很多，還算好吃。
平仔,3,還不錯，但C/P值偏低
EthanRock730,4,(由 Google 提供翻譯) 不錯(原始評論)nice
廖奕棋,4,菜色多樣，推生魚片，水果，冰品，燒烤，沙拉區。
Jess Lin孟潔,4,好吃第一次去收餐很慢第二次就蠻快的
PeiJen Li,4,菜色蠻多的，味道也不錯
Li Hu,4,(由 Google 提供翻譯) 好吃(原始評論)好吃
徐山姆,3,吃過一次覺得還ok
張建信,4,(由 Google 提供翻譯) 每天都很多人！(原始評論)每天都很多人！
高品桐,2,普通級
雪芬,4,(由 Google 提供翻譯) 聚餐的好地方(原始評論)聚餐的好地方
DD Tan,4,聚會，喝酒的好去處。建議人要夠多5人以上，位置不好訂，要提早。
Brucefafa Cn,4,菜色真的多，3小時用餐時間充裕，服務態度及速度很好…
Vanessa Wang,4,下午茶比較划算，只是少了牛排而已，記得先預約，不然沒有位置
Cayla Li,5,不貴又好吃
YiDE Lay,5,環境不錯，服務態度十分友善，來這裡就是要吃到飽，不然要幹嘛😀
William Chiu,2,吃到飽對環境不好，對身體也不好
Li Hong-Jhe,3,交通方便換來品質差強人意
胖胖升,5,很多生魚片 餐點很多   一吃在吃
timmy tang,4,菜色很棒 但 菜色的排列 可以再動動腦筋搭配
KJ Wang,4,(由 Google 提供翻譯) 好吃(原始評論)好吃
Daniel Chu,3,cp值高，品質算好
L Jeff,4,還不錯。
何建翰,4,不錯吃
yuzhen Su,3,越來越難吃的趨勢牛肉硬到牙齒咬的好痛⋯
白熊,4,飲料、食物種類多，補充也快但人真的很多，價格也不低，CP值不算高，頂多偶爾奢侈一下下
kinzeksl,3,(由 Google 提供翻譯) 普普通通(原始評論)普普通通
森林木,3,有出現服務生添加飲料時把整桶飲料捧起來聞的情況
Lily Hon,5,品項多
葛宇翔,1,電話打不通，也沒公告是怎樣，想訂個位都不行，差
伍陸,3,食物真的沒什麼特色⋯
詹翔智,5,(由 Google 提供翻譯) 好(原始評論)好
Penny,4,食材新鮮，東西多
Wayne Horng,5,菜色多樣豐富
NC Catch,4,(由 Google 提供翻譯) 自助餐包括眾多菜餚供您選擇(原始評論) …更多(由 Google 提供翻譯) 自助餐包括眾多菜餚供您選擇(原始評論)A buffet with numerous dishes to choose from
Jessi Cheng,3,沙拉吧蔬菜種類多 大推唯一缺點就是拿小番茄矇混 沒誠意 ⋯⋯更多沙拉吧蔬菜種類多 大推唯一缺點就是拿小番茄矇混 沒誠意其他菜式也不算特別CP值普普
ChinDa Chen,5,(由 Google 提供翻譯) 爽(原始評論)爽
Ichiro Toda,2,(由 Google 提供翻譯) 它方便，乾淨。菜餚種類也還可以。特別美味的食物是自助式的，所以你不能指望它。問題是需要預訂，沒有周末預訂是沒有希望的。(原始評論) …更多(由 Google 提供翻譯) 它方便，乾淨。菜餚種類也還可以。特別美味的食物是自助式的，所以你不能指望它。問題是需要預訂，沒有周末預訂是沒有希望的。(原始評論)場所的に便利で清潔感もあります。料理の種類もまあまあです。特別に美味しい料理はビュフェ式なので期待出来ません。問題は予約が必須で週末の予約無しは絶望的です。
柏軒陳,1,幹，吃到沒煮熟的魚，半夜爬起來吐
Derek Liu,3,吃粗飽 不精緻
林育慶,4,(由 Google 提供翻譯) 食物多(原始評論)食物多
Wade Wu,4,(由 Google 提供翻譯) 好(原始評論)good
Vanda Lyadinskaya,5,"(由 Google 提供翻譯) 我在台北最喜歡的“你能吃的所有”自助餐。美味的食物，很棒的選擇。壽司，生魚片，見面，湯，麵條，萬種不同的蛋糕和沙漠。(原始評論) …更多(由 Google 提供翻譯) 我在台北最喜歡的“你能吃的所有”自助餐。美味的食物，很棒的選擇。壽司，生魚片，見面，湯，麵條，萬種不同的蛋糕和沙漠。(原始評論)My favorite ""all you can eat"" buffet in Taipei. Amazing food,  great choice. Sushi, sashimi, meet, soups, noodles, million different cakes and deserts."
黃偉倫,4,(由 Google 提供翻譯) 人多(原始評論)人多
Ku Chou,4,(由 Google 提供翻譯) 行(原始評論)ＯＫ
Paola G. Pittoni,5,"(由 Google 提供翻譯) 非常好的食物，很多選擇，從鴨子到壽司，從牡蠣到粵式點心。這是值得所有的錢。(原始評論) …更多(由 Google 提供翻譯) 非常好的食物，很多選擇，從鴨子到壽司，從牡蠣到粵式點心。這是值得所有的錢。(原始評論)Really good food, a lot of choice, from duck to sushi, from oysters to cantonese dimsum. It is worthy all the money."
Cappella CHEN,5,菜色非常豐富
郭小鍋,4,台中吃到飽第一名！
朱致柔,2,只是東西多選擇多而已完全的不好吃，吃過buffet中最難吃的一家
大舌,4,有得越來越差的感覺
Kelly Wang,3,選擇多樣化，服務人員可能不夠，無法很快清理空盤。
潘韋乾,5,東西都超好吃的，感覺很實在^_^
GoddardLiu,4,中高價位的buffet，食物種類雖多，但不夠精緻，交通與環境方便是其優點。
LiTing Chen,2,東西還算不錯，等入場要等很久，進去後拿東西吃還有小排隊
Barrt Tony,3,食物多樣，服務周到，食材普通，但我想不透有什麼理由去虐待自己的身體，要吃到值回票價不是什麼好事。
田中ヒロミ,4,(由 Google 提供翻譯) 自助餐(原始評論)ブッフェ
kuang ling,4,提供多元美食，價位合理
屁孩瑜,5,(由 Google 提供翻譯) 超好吃的.😋(原始評論)超好吃的.😋
PETER CHUNG,5,(由 Google 提供翻譯) 不錯的自助餐很多選擇。美味的 。整潔。乾淨。智能顯示。客服也很精彩(原始評論) …更多(由 Google 提供翻譯) 不錯的自助餐很多選擇。美味的 。整潔。乾淨。智能顯示。客服也很精彩(原始評論)Nice buffet . Alot alot of choice . Delicious . Tidy . Clean . Smart display . Customer service also wonderful
little afternoon,4,好吃 有人請客就會再來XD  甜點好多好開心~~~~
C Arthur,5,一定的好品質，京站店的裝潢較其他店面擁擠，但卻是最好吃的一家。
Ming,4,(由 Google 提供翻譯) 好吃!!(原始評論)好吃!!
Chen Yu-Wei,4,(由 Google 提供翻譯) 新鮮食材(原始評論)食材新鮮
哈尼老爹,4,菜色新鮮豐富
李育群,5,(由 Google 提供翻譯) 很棒!(原始評論)很棒!
Chung Yeh Chin,4,(由 Google 提供翻譯) 物有所值(原始評論)Value for money
Colin Jao,2,非常差勁的飲食經驗……沒有品質可言！
周祖昊,3,晚餐，只有種類多的特色建議想來吃的朋友三思，不用期待在這邊吃到美食。
お気に入りMorikazu,4,(由 Google 提供翻譯) 價格合理，您可以吃無限量菜餚。你可以在罐頭里喝各種各樣的酒，如台灣啤酒和麒麟啤酒。所有你可以吃Haagen-Dazs冰淇淋作為甜點。 …更多(由 Google 提供翻譯) 價格合理，您可以吃無限量菜餚。你可以在罐頭里喝各種各樣的酒，如台灣啤酒和麒麟啤酒。所有你可以吃Haagen-Dazs冰淇淋作為甜點。(原始評論)料金もお手頃で色んな料理が食べ放題で美味しいです。アルコールも台湾ビールやキリンビールなど色々な種類のものが缶で飲み放題。デザートにはハーゲンダッツのアイスも食べ放題。
Anthony Hsu,1,排隊太久，食物一半吃粗飽⋯
I-Wei Lee,4,東西選擇多，很少地雷。但認真的太多，用餐時間少，食物容易被拿光！
Andrea Yu,5,服務周到～～
Rommel Liu,4,改裝潢後餐點品質有回升，適合闔家前往。
葉泓毅,3,不錯
Tai An Cheng,2,讚
Amy Amy,1,服務太差，電話打一週都沒接，爛透。
Zoe Wang,4,總體蠻好吃的！啤酒還是罐裝，素食者也很合適，還有素食菜單可以提供單點～
yuanhao jhan,5,種類很多
Joyce Chen,4,吃平日下午茶最划算，餐點豐富好吃，飲料甜點也不錯。
柯小姐,1,"昨天去京站饗食天堂的午茶吃到飽，兩個小時收了$592,這次用餐經驗讓我發掘了“秘辛""……就是他們可能動了手腳，讓你吃不多甚至吃不到1.排不完的隊 ⋯⋯更多昨天去京站饗食天堂的午茶吃到飽，兩個小時收了$592,這次用餐經驗讓我發掘了“秘辛""……就是他們可能動了手腳，讓你吃不多甚至吃不到1.排不完的隊人山人海隊伍幾乎整個樓層繞一圈，2:20才開放入場，4:20準時趕人，還""分批""開放入場，因為取餐檯很短，用餐人很多，這兩小時排隊取餐耗掉你大半時間2.減少你的取用次數:因為排隊，好不容易吃到了，朋友第二輪要再取餐，時間還有將近一小時，他們有一區居然都不補菜檯全，餐蓋上了，所以只能吃一輪3.這絕對是""世紀大賤招"":因為熱食只吃了一輪，所以只好去排Haagendaze冰淇淋，隊伍不很長，但幾乎沒進度，我觀察後發現他們動了手腳，把冰淇淋變成石頭讓你挖不了，使盡吃奶力氣也只能挖一點點，每個人都拿著冰勺花了很長時間奮戰很久，後來等我排到挖到，已經4:20開始趕人，我厚著臉皮吃完離開時，看到了一幕讓我證實了我的想法，他們用一個大推車將冰淇淋從冷凍櫃全部取出堆疊，有經驗的人都知道讓冰淇淋先解凍微溶後再進冰櫃，冰淇淋就會凍成石頭一般硬了總之,吃到飽的餐廳怕人吃,讓人很反感,回來後第一件事就是把手邊剩下的餐券賤價賣掉"
米雪糕,3,家族聚餐，大家都吃得很開心
Chun-Hung Lu,3,中規中矩的吃到飽餐廳，菜色可以再更豐富一些，腸粉和哈根大死冰淇淋好吃。
潘秀美,4,幸福之日 幸運之神 在京站響食天堂現場排隊15號 還能進來享用和好友~不具名~~隱+四
vic yang,5,排隊花了許多時間
lita Pan,4,感覺不錯
Jerry kuo,3,"位子很多,菜色還算豐富,但品相不高級"
索拉,2,晚餐價位不便宜.....東西是蠻多的，但是好吃的沒幾樣......
夏蟲語冰,5,吃遍台北buffet，只有這間的魚不會覺得腥，極度推薦！！！
sharon lin,1,無野好食
張倠鈞,1,超爛，竟然用麥克風趕人，且東西也不好吃，cp值超低
陳皓雲,4,食材新鮮，菜色多，值得去吃
林咪咪,1,大部份都冷盤、甜點海綿蛋糕類居多，用的料是那種便宜的(EX白巧克力部份)，吃完覺得好空虛(沒什麼可吃的)...不會再去的店，不知道為啥還那麼多人排隊要去吃~可能是吃到飽價算是便宜的吧...
Chao Hsu,2,感覺師傅忙的時候都亂做
mocca cheng,5,好吃選擇多。
陳喵喵,4,食材多樣
駱定宸,5,(由 Google 提供翻譯) 好(原始評論)Good
元元,5,(由 Google 提供翻譯) 下午茶高cp(原始評論)下午茶高cp
Chi-Mei Huang,4,食物都蠻美味的，飲料不論冷熱飲也很多選擇，水果也新鮮！唯一缺點是人太多😂
黃本松,4,不錯吃~~同學會都在這辦
張孫恩,5,好吃，要提早預約
陳祈翰,4,東西很多，還不錯吃
Hunter L,3,還可以
cin C,5,(由 Google 提供翻譯) 好吃(原始評論)好吃
黃鴻麟,4,(由 Google 提供翻譯) 菜色很多好吃(原始評論)菜色很多好吃
賴冠美,5,超新鮮的海鮮~美味的提壺湯生魚片吃個夠~螃蟹好任您抓價格實在不貴~食材新鮮好吃
Tobias Schwann,2,食材不是很新鮮，排隊玩等到的也沒有說很好吃
Steve Hsu,4,嚐嚐……
江言鎧,2,價錢昂貴 但食材亨調與價位不符但服務很好
"JAY, S.K. Lu",2,只吃過兩次，菜色還好，甜點也普通，不說價格，但排隊的人也太多了，真的沒值得耗那時間體力排隊
鍾承軒,5,(由 Google 提供翻譯) 好吃(原始評論)好吃
sMALL Leung,4,Cp 值 很高。食物種類非常多
黃國誠,5,滿滿美食，無限量供應，時間不限，就怕胃不夠裝。服務好，態度親切，只是訂位難訂，現場候位的記得提前３０分來排隊侯位。
XIN QUN YE,4,菜色很多樣，雖然都沒有很專精，不過還行。與服務生說明友人生日，也送了生日蛋糕過來。
Richard Wang,2,退步很多~~餐點區有變少，沒有以前多~
紫容,1,電話根本打不進 打去105查詢也是不通
陳宥名,4,可以吃很飽，一定要事先訂位
nasxdon lin,5,"記得要先訂位,不然會排很久"
Daniel,4,多種菜色，但是都不專精
林士能,3,菜色多樣 乾淨
Hsi-wen Chiam,4,(由 Google 提供翻譯) 物有所值(原始評論)物有所值
Chou ChunChun,3,東西很多樣，可是都沒有讓人驚艷的，到最後都不知道要吃什麼
LazyCat Li,2,服務人員還不錯讓人驚艷的價格但是料理和飲品沒有相對令人驚艷的地方飲料機的可可粉用的有夠爛，味道有點噁心
befe le,3,生魚片
Ken Ko,3,"(由 Google 提供翻譯) 接觸後飢餓，我們嘗試的第一站。有一個驚人的鐵板燒 - 魷魚+牛肉，魷魚頭很好，醬汁不夠味道，牛肉也不錯。總體而言，其僅為7美元，在SG上輕鬆賺取20美元。 （3.5 / 5） …更多(由 Google 提供翻譯) 接觸後飢餓，我們嘗試的第一站。有一個驚人的鐵板燒 - 魷魚+牛肉，魷魚頭很好，醬汁不夠味道，牛肉也不錯。總體而言，其僅為7美元，在SG上輕鬆賺取20美元。 （3.5 / 5）但是讓我感到驚訝的是我的朋友菜 - 香脆雞排（香脆雞肉）哈哈索里肯德基，但這更好吃，香脆多汁。 （4.25 / 5）豬肉炒麵和咖哩蛋黃醬現代炒麵。我們的團隊以一些不錯的方式結束了我們（3.75 / 5）奶茶（2/5）羅神花飲（3.5 / 5）(原始評論)Hungry after touch down, the first stop we try. Had an amazing teppan yaki - squid+beef, the squid head was nice, the sauce wasnt flavourful enough, the beef was not bad also. Overall its only $7 for that, easily $20++ in SG. (3.5/5)But what won me over was from my friend dish - 香脆鸡排 (crispy chicken) haha sori KFC, but this is so much better, crispy and juicy. (4.25/5)The pork yakisoba together with curry mayonnaise modern yakisoba. Our group end our first stop with something nice. (3.75/5)Milk tea (2/5)Luo shen flower drink (3.5/5)"
henry kin,1,唔掂，專特香港打電話去預先訂位，但相當失望…種類數多但唔好食，睇相以為有生蠔結果冇，蝦唔新鮮，蟹係無肉又悔…最好食只有蝦天婦羅…同香港平價自助餐質素差不多，但地方幾靚又大，服務員態度好似唔相做咁，去台灣都係掃街算又平又好食
jeiwu sun,5,回憶美滿，飲食精緻。
半調子,1,名氣大於一切的店，不推，因為貴沒價值沒特色，不會推薦親友來吃，給一顆星是因為服務生對小孩還不錯，重點是吃實在要改進
歐弟,2,吃是還不知道，但ㄧ遇到櫃檯的服務就少了ㄧ半食慾，服務跟價錢不成正比。
波波,3,(由 Google 提供翻譯) 就是buffet(原始評論)就是buffet
Ming,4,服務與菜色佳，環境優，人很多要排隊，價位高值得偶爾吃。
HUNG YI LEE,4,可以放鬆用餐
陳則銘,4,菜色很多很好吃 但價格稍貴 偶而去一次尚可
黃韓霓,5,很好吃，東西又多了，其實這樣算算很便宜
戰乙女瓦爾基莉,4,"吃的東西五花八門,但價格稍貴,雖是如此還是有許多人去吃,算是有吸引到年輕人嗎？"
Hui-Hui Hsieh,3,"若以價格與食物比較,感覺價格高了點,服務品質與價格也不成正比"
