評論者	評等	評語
黃谷歌	5	下午茶：比起同價位的吃到飽餐廳，品項更豐富而且因為疫情的緣故 個人變少了但是這次去少了啤酒供應
柯昇佑	5	菜色多樣美味
曾永蓁	5	不錯~乾淨
李啟宇	4	生魚片味道不錯，紅酒牛肉有再進步的空間
劉秀玲	5	我不知到午晚餐有多少差異，都吃下午茶，沒看到焗烤牡蠣，也不吃生魚片，其他都不錯
劉文貴	4	餐飲美味可口，服務人員親切周到。
旅行家	5	吃很飽
小紅帽	5	食物不愧是這個價位的值得
金蘭1	5	多區各樣食物、飲品、水果、點心。物超所值。環境、管理極有制度。
張中南	5	好吃環境優可以看到火車
中和在地人	4	去過太多不同的用餐地點，就是愛
蔡寶足	5	花邊同事歡聚
yuna lin	4	餐點豐富
David Liu	3	服務人員很細心，服務很到位.但是餐廳一次放太多人進來，沒有妥善規劃，造成一堆食材都缺料，大排長龍
黃丞祖	4	用餐環境還不錯，可惜有些蛋糕冰的過久
方柏鈞	3	晚餐伙食比較優。。因為?了100元
Rita Huang	5	豐富美味，選擇多樣。
debt Asset	4	X 羊小排好吃 但是一次才煎6~8塊兩個半小時下來只吃到一次 超失望...O 熟食.甜點. 飲料比桃園漢來海港精緻 ??更多X 羊小排好吃 但是一次才煎6~8塊兩個半小時下來只吃到一次 超失望...O 熟食.甜點. 飲料比桃園漢來海港精緻X 生魚片.壽司.海鮮明顯輸桃園漢來海港O 開胃推薦水果.檸檬汁.烤葡萄柚.燻鮭魚起司捲X 沒吃到官網和FB上的米茄揚(米茄+炸草蝦內餡)O 鴨粥很適合在吃完生魚片.壽司等冷食後暖暖胃X 天使紅蝦頭部很腥 味道.口感都不如一般白蝦O 推焗烤生蠔.烤/炸魚蝦.烤鴨捲.焦糖烤布蕾.哈根達斯O 蘿蔔糕.拔絲地瓜.炒飯 好吃但易飽 請酌量O 服務人員親切面帶微笑 收盤子速度快 廁所乾淨O 戶外窗景很有fu！ 長輩吃完很滿意  : )
BV	4	吃到飽，價位適中，菜色多樣化，咖啡甜點冰淇淋都是沒話說
JiaCih Jin	3	幾年前來吃的時候非常好吃，沒想到今天再回去吃真的都很雷欸.....炸的蝦子油味超級濃，說是烤的蝦子味道跟炸的一樣天使紅蝦真的不推哦哦哦 ??更多幾年前來吃的時候非常好吃，沒想到今天再回去吃真的都很雷欸.....炸的蝦子油味超級濃，說是烤的蝦子味道跟炸的一樣天使紅蝦真的不推哦哦哦但是甜點真的很好吃哈哈哈哈哈來吃甜點下午茶~~
簡家欣	4	(由 Google 提供翻譯) 聚餐的好地方。(原始評論)聚餐的好地方。
Ruby Lin	5	"2020/08/30假日晚餐振興?特價 $1,000（原價 $1,098） ??更多2020/08/30假日晚餐振興?特價 $1,000（原價 $1,098）這幾年吃下來，饗食天堂、漢來海港和欣葉日本料理是我認為全台 CP 值最高的 buffet。饗食天堂略貴一點，但各菜系表現比較平均。三家在我心中都是五星的存在。這次是第一次在桃園新光店吃，其實滿足感略有折扣。仔細想想，這也是我第一次在開始 1.5 小時（18:30）後才進場。遇到報復性暑假消費的最後一個週日，現場不僅擁擠也略嫌凌亂，有些杯盤狼藉來不及補。幾個我喜歡的冷盤在 1.5 小時後略遜色，例如生菜絲出水、魚子鮪魚醬墊底的餅乾濕軟...所以說下午茶雖然用餐時間短，但比較不會遇到這種問題。我比較傾向這是極少數個別假日的情況。整體口味還是不錯，服務也很親切。看到我在挖哈根達斯，一位 waiter 主動上前代勞。所以還是五星啦！【餐廳飲食評分標準】五星：會推薦親朋好友、四星：體驗佳會再訪、三星：不過不失、二星：體驗不佳不會再訪、一星：會阻止認識的人前往＊百分之八十的評價都是三星"
邱智	1	東西並沒有那麼特別 但價錢 就比較特別 因為那裡有東西 不用那麼貴 所以沒有CP值
Wei-Teng Hsiao	5	美食種類多元好吃，還有啤酒！
賴光永	4	中壢店較 大氣??
陳川遠	4	菜色多變 ，場地規劃 得很好。
我誰我瘋子	1	食材品質不優選擇少，螃蟹又不新鮮4.1分?傻眼
1483	5	ever been several years ago
仔林	3	菜色種類、新鮮度、烹調口味都退步了。不過服務態度依舊很好。
蘇秀華	5	不錯
Apone Liu	4	(由 Google 提供翻譯) 一如往常。(原始評論)一如往常。
俞仁堅	4	服務好。
賴佑銘	5	空間寬敞 ，即使滿座 ，在取餐上仍不會擁擠 ，一些需要工作人員夾取的餐點排隊不會太久 ，補菜速度快 ；晚上用餐長 ，整體用餐氣氛悠閒 ，不緊湊 ，非常適合家族聚餐、朋友同學歡聚 ！工作人員態度有禮、即使人潮眾多 ，也仍然有耐心、不急躁 ，更是觀察客人需要主動提供協助 ，十分貼心。菜色多樣、食材新鮮 、美味 ，常因為急著大快朵頤忘記拍照！
陳華興	4	(由 Google 提供翻譯) 好吃(原始評論)好吃
張雅芽	5	服務不錯，餐點也不賴
Crus	4	拜託告訴我牛排區的芋泥怎麼做的  
Katie	5	適合全家大小一起聚餐
Azer Lee	2	生蠔排不到有點殘念
Lee Arthur	1	"服務人員來座位上結帳第一次，拿假日卷給服務人員，她說無法找零哦！我們沒意見！第二次，服務人來說說只能抵970, 要求補差額53元，雙方對餐卷上述定義有爭議 ??更多服務人員來座位上結帳第一次，拿假日卷給服務人員，她說無法找零哦！我們沒意見！第二次，服務人來說說只能抵970, 要求補差額53元，雙方對餐卷上述定義有爭議第三次, 服務人員來說有市民卡可以打95折，但仍然需要補差額，這時已經沒有用餐心情，雙方對餐卷上述定義仍有爭議，但她會跟主管爭取看看…我已經拿信用卡給她要刷了第四次，饗食天堂主管來說這樣用餐卷對我們會不划算，建議用2張假日晚餐餐卷，其他另外給，…理智完全斷了。………天啊！又回到上述第一次的感覺，有饗食天堂餐卷是惹人厭嗎？還是？真的感覺非常差！最後還是刷卡走人！……就算是平日晚餐898*1.1(1成服務費) *0.95(市民卡折扣)=938.41, 用假日晚餐卷面額970還是完全不需要付."
E Jhuang	5	Nice experience with awesome service!!辛苦服務人員幫忙！讓用拐杖的我非常感謝∼ ??更多Nice experience with awesome service!!辛苦服務人員幫忙！讓用拐杖的我非常感謝∼辛苦你們幫忙把證件拿下來感激不盡也希望你們有美好的一天
芮麗	4	慶生有送小蛋糕（還可打9.5折，但要下載折價券）是當天吃的蛋糕裡面最好吃的，其他種類蛋糕就還好，生巧克力最好吃，另外羊排，焗烤生蠔，烤蝦，鮭魚生魚片，花枝魚卵，蛤仔湯，牛肉湯，草莓調酒都很不錯，鴨粥最驚艷必吃唷，女兒說炒飯義大利麵也好吃，爐烤牛肉肉質反而不是很好，德國豬腳還可，整體而言還不錯，算菜色種類很多，但也實在吃不了全部，當然要挑最喜歡也最好吃的才划算
毛毛安	4	價位提升，但菜色也變好了。
Akira Shan	5	一直是很喜歡的吃到飽，c/p值不錯，餐點也都算是精緻，環境也整齊清潔，服務也還不錯，隨時都來整理餐盤，希望菜色多些變化，多些新鮮感，才能留住老顧客。
陳明希	5	種類多環境很好
Wentyng	5	今天下午大約坐不到一半的客人，跟以往差滿多的，空間寬敞。菜色口味都很有水準，更值得讚許的是服務態度，從訂位 帶位結帳 桌邊收盤 都非常親切，動作迅速，是一間100分的餐廳
陳曉瑛	5	午餐有天使蝦、羊排、焗烤生蠔，壽司、生魚片...等，很棒
chaohsiang hsiao	5	食物種類多樣，好吃
老二王	3	不好也不壞
Hs?-P'ing T'ang	4	"(由 Google 提供翻譯) 美味的食物的好經驗。由於等待的人多，有些服務有些慢，但總體來說還是不錯的。(原始評論) …更多(由 Google 提供翻譯) 美味的食物的好經驗。由於等待的人多，有些服務有些慢，但總體來說還是不錯的。(原始評論)Nice experience with tasty food. Some services are a little bit slow due to the amount people waiting, but generally good."
Keng Lu	4	(由 Google 提供翻譯) 很好吃(原始評論)很好吃
ice	5	忍饑挨餓無數天，一餐肥到減肥前。勸君來時多思量，莫要回家望枰悲。
鄭郁	4	螃蟹不推冰過頭鳳螺沒入味 其他海鮮還不錯
徐小米	4	這麼多年了 每次去菜色都差不多????所以也就久久來吃一次哈哈 ??更多這麼多年了 每次去菜色都差不多????所以也就久久來吃一次哈哈這次是平日午餐去用餐的，一個人$798，再另收10%服務費，兩人就$1596了????雖然沒拍到炸蝦?? 答案每次去都必吃，而且現炸起來的，沒幾分鐘甚至幾秒就沒了，我站在那等也只拿了三四尾，旁邊那個人也在夾，我們兩個夾完就有沒了哈哈還有再過去一點點的區域，每次同行的朋友都會吃生魚片，再過去也有手卷類的，還有吃起來滿普通的茶碗蒸。我個人也很喜歡一進去的生冷海鮮，那邊有現切的鴨肉，加上那餅皮搭配著吃，真的是一絕啊?? 每次去少說都先吃三個哈哈。也有現切的牛肉片，只是太生了，一半都是血紅紅的??以及每次必吃的酥皮濃湯??還有洗手間前的那區，還有湯品可以點來喝，點完後要自己從旁邊拿板子，我記得以前是師傅拿，現在變成自己點幾個自己拿幾個。這次期間內新推出了炒蛤蜊，不過味道真的是很鹹.... 吃沒兩三口就覺得很鹹???? 因為蛤蜊是我的最愛，所以還是通通吃光光了哈哈當月壽星的話可以下載App，登入輸入資料，即可享有95折的優惠，不過???桃園市民卡也是一樣的。對了，還有一件事，就是建議生冷海鮮的螃蟹???不要吃。
jin lin	5	服務很好！餐點也很美味，但對於常吃的我，覺得最近餐點都沒什麼變化，就算變化也沒讓人驚豔的感覺，可以再加強，整體是還在水準上
謝攸佳	4	服務不錯  餐點也不賴??窗外景象給人“高高在上”的感覺??很棒！
陳憶婷	5	吃到飽，食材種類算多，調味可能差了些，可能是老闆交待不能煮的太好吃，免得菜太快被吃完
ian val	4	(由 Google 提供翻譯) 美味可口的食物(原始評論)Great and delicious foods
噁	1	焗烤鮮蚵還沒過七點半就師傅就收起來了 給你一顆星
游獲廣	5	食材包羅萬象，新鮮
Bryan Lee	4	桃園吃到飽較佳用餐點。菜色算多樣了，建議可到此用餐。現煮蚵蠣湯，生魚片，手捲，炸蝦，烤鴨捲，飲料，蛋糕小點心都不錯。基本上就是吃到撐。靠窗還可以欣賞風景（居高臨下），吃完再逛逛新光百貨。
Yan Wen Chen	5	(由 Google 提供翻譯) 好吃!(原始評論)好吃!
陳昱璇	5	吃的很飽讚~~
TzuHsin Chan	5	平日中午用餐，餐點種類多元，飲料也有好幾種可以選，烤鴨捲餅好吃！另外港式和日式料理也都不錯，H?agen-Dazs冰淇淋甚至提供了八種口味！一家人都吃得很開心，非常值得！一定會再去。
Yu LAI	1	上次吃大約是4年前，忘了上次到底好不好吃，但這次去吃失望透頂，非常難吃+食物吧檯每一個都服務臭臉，我覺得最好吃的是巧克力比薩和蛤罵湯就降，海鮮全部都普普通通。18:00就定位後開始吃，很多菜明明是熱食卻都是冷的，烤生蠔明明烤好了卻放在旁邊不上盤很怕人拿？真心希望能加油，不然希望能讓位給其他好吃餐廳好嗎拜託了。
李佳人	5	服務很好 ??
余明煌	5	用餐環境佳！
旅行者	1	假日晚上消費一千多的價位螃蟹咬一口馬上吐出來腥味超重牛排乾又偨 ??更多假日晚上消費一千多的價位螃蟹咬一口馬上吐出來腥味超重牛排乾又偨酥皮玉米濃湯太甜干貝剛吃很鮮再吃時覺得很腥其他食材不錯尤其氮氧綠茶好喝主要海鮮有感覺真的變很不新鮮一直以來很喜歡吃饗食也常吃但最近跟店家反應海鮮不新鮮再次消費時還是一樣不新鮮跟家人一致覺得不會想再去消費了說真的漢xx下午茶6佰多元海鮮類比饗食新鮮多了我只能說海鮮是主餐真的很重要不新鮮吃起來很腥真的很可怕吃到中途拉了兩次只要吃到不新鮮我一定拉看了前面也是好幾個評價海鮮不新鮮店家不改善，長期下來......
張志豪	5	人很多務必訂位，餐點味道都不錯，餐桌上墊著紙有介紹幾道人氣菜品，鴨粥、福利鹽焗雞、燒排骨、烤鴨...等等，價格上感覺下次來下午茶會更有性價比。
李沛芯	4	太貴
蔡宗益	5	下午茶的餐飲跟正餐一樣不打折，餐點都會作調整，每年總會全家過來吃三五次!
arnel sy	5	(由 Google 提供翻譯) 很多食物可供選擇。(原始評論)Lots of food to choose.
羅明耀	5	買了20張8.5折卷，來吃個下午茶，人不多，服務很好，食材新鮮好吃。
賴季穎	4	服務好 食材新鮮
Chih Yuan Liao	3	午餐798不含服務費~尚可~很多人吃
benson yeh	4	很久沒吃了，這次來感覺菜色很多，也很新鮮。甜點仍舊花樣多，很不錯的消費經驗。
廖昱程	5	好吃，食物樣式多
Ben Sheu	4	用餐環境不錯
袁宜靖	5	好吃 品項很多 可以慢慢吃
General Wang	4	食材品質不錯！服務人員還蠻親切！不過菜色沒以前多樣！個人覺得價錢貴了點！不曉得是不是太久沒去了？？？
PARIS	5	老樣子都沒變
安安	5	東西多樣 食物品質穩定
Aaron Cheng	5	服務人員解說仔細，菜色多樣，聚餐的好地方
邱健苡	5	和朋友吃吃喝喝，聊天不錯ㄟ所在
左孟民	1	上次前往消費，被一位做壽司的大哥很兇的回答。下次不會到這家餐廳用餐。糟糕的用餐體驗。
劉姚佐	5	好吃東西多
YESMAN	1	素食者餐點安排是套餐（約6∼7道且量少）可加點但大約過20∼30分才會來??建議可去旁邊的統領百貨內「果然匯」用餐不然一樣的價格，卻也只能用飲料??和水果??來填滿肚子...??
鐘正揚	5	幾年沒來 菜色上有些許進步 但還是沒做出屬於響食自己的招牌特色 大多餐點都在中上水平 其中天使蝦 羊排 焗烤牡蠣 在水準之上甜點品質也還是很不錯buffet還有其他間更好的選擇
陳正昌	5	多樣化好吃
Su Hui Yi	3	帶位都還沒坐下 就直接先問付錢的是哪位 感受不是很好 東西普通 照燒雞沒味道 燒賣類偏硬
星睿	5	土瓶蒸還不錯
林育洋	5	服務真的超好
sam jiem	4	食材新鮮，料理的也不錯
Bear Wang	5	(由 Google 提供翻譯) 好吃(原始評論)好吃
心初	5	服務人員非常貼心。有當月壽星還準備了蛋糕送過來。
ashton sy	5	(由 Google 提供翻譯) 有這麼多種菜可供選擇。(原始評論) …更多(由 Google 提供翻譯) 有這麼多種菜可供選擇。(原始評論)So many variety of dish to choose .so good to eat.
031李蘅哲	4	"菜色種類多, 吃到飽.印象蚵礪湯不錯"
邱奕祺	5	性價比極高的餐廳，讚
王立德	1	打電話訂位，沒位子就沒位子，為什麼口氣要差成「就跟你說沒位子了」，差評.....
王聖元	4	東西多 價位高了點
Edward Hsieh	5	氣氛佳，環境好，菜色多樣，整體CP值高。
劉聰明	5	Buffet 餐廳??菜色豐富高檔食材 cp值高的知名餐廳 家人??生日聚餐 朋友聚餐 好地方 ，喜歡吃普羅旺斯燉牛肉 天使龍蝦 與家人愛吃的甜點??
Debbie Anne Wilson	4	餐點好吃
洋洋	3	此次用餐是第二次了，大致上沒什麼太大變化，而我觀察到，牛肉部份，因是整塊下去製作，表面的熟度是可以，但越中心的部份，就顯得比較生，大概3分左右，或許各有喜愛的熟度，而桌邊收餐服務就很迅速，整體來說還算不錯，用餐一次停車免費4小時，正確時間建議當下詢問，才不會搞錯，吃飽還可以去其他樓層逛逛，消化消化!
Andrew Lindbreg	4	馬鈴薯泥松露味滿滿，非常好吃
Kuan-Chin Lee	4	餐點跟服務都不錯，食材新鮮度尚可。
徐琦	4	(由 Google 提供翻譯) 可以(原始評論)可以
Chin O	1	今天吃中午的的螃蟹臭掉，服務人員還說廚師說沒問題，別桌的客人也有反應?
孫德偉	5	還不錯
Yen Yen	1	我不是第一次吃響食，以前至少一年大會去1-2次，昨天一家子去聚餐後大大小小都失望極了，真心覺得要請你們好好review一下你們的餐點....這樣下去客人是會跑光的...... ??更多我不是第一次吃響食，以前至少一年大會去1-2次，昨天一家子去聚餐後大大小小都失望極了，真心覺得要請你們好好review一下你們的餐點....這樣下去客人是會跑光的......海鮮類尤其糟??螃蟹ㄧ捏就粉碎性骨折...特老的烤魚下巴....不飽滿的蛤蠣鮮蚵.....咬不斷的燉牛肉.....蔬菜炸得很油....吧台還有一股臭味.....
nikki台灣旅遊包車	4	我吃的是下午茶，覺得，還不錯！但覺得應該還可以更好，我說的是吃的！服務也不錯，用振興卷優待100。。
楊綠芸	4	水果不優 這種價位水果出太差了 還比不上千葉中華店的水果
李奕慧	1	電話詢問，告知現場候位，到現場又說休息時間快到了 無法用餐...真的是感覺很差
林冠良	4	(由 Google 提供翻譯) 好吃。也可以接受(原始評論)好吃。也可以接受
櫻井杏樹	4	菜色變化不大，久久來一次還可以。服務態度優，適合家庭聚餐。
鄭育佳	4	東西好吃!
Lishan W	4	去過台中遠百店，帶著不怎麼期待的心來桃園新光店事實證明，桃園新光比較好吃欸 ??但壽司類，個人覺得不優
Qq smile	4	東西蠻多樣的，但是價錢有點貴∼
Travel	5	餐點種類多，但並不因此而粗製濫造，絕大部分都相當美味，而且會定期更換主題。
D W	5	海鮮粥不錯吃內 哈 被罵了
張國龍	5	服務好，餐點新鮮美味
Chuntang Chang	5	食材還OK，但是烹飪的很不錯。
文文	1	有那麼急嗎？下午茶時段到16:30，服務生16:05就來問我可不可以把筷子、湯匙、叉子餐具收走，真的感覺很差勁??
雙胞胎	5	好吃新鮮
裕齊周	5	就是你想像的那個樣子，該有的沒有少，也沒有驚喜。
Cherry Cheng	5	好吃服務又好!!!
靚Evelyn	5	因家母為行動不便人士，服務上面非常細心。一位組長，從進門到後面的服務，都非常貼心細心，幫助家母拿菜以及選擇適合的菜品給母親品嚐。非常的有耐心外場服務人員，看到家母不便，也都會主動提供服務，並親切地介紹菜品。母親第一次（生平）遇到如此服務到家的店家，感到非常愉悅。
子華廖	4	服務人員態度普通
Vincent Chang	4	品項多?食材新鮮
Marvin sim	3	(由 Google 提供翻譯) 好吧，我正在尋找烤後肋骨，沒有(原始評論) …更多(由 Google 提供翻譯) 好吧，我正在尋找烤後肋骨，沒有(原始評論)well I'm looking for baby back ribs roasted and there's none
吳艷芳	4	料理不錯吃，環境不錯，窗邊可看風景，一邊吃美食，人生一大幸事。
Fang Annie	5	(由 Google 提供翻譯) Buffet 的帝王(原始評論)Buffet 的帝王
niki小姐	4	食材多樣新鮮
大麻煩	5	還不錯
謝印榮	5	食材跟烹調都有進步 當然價錢也……??
WENYEN LU	4	(由 Google 提供翻譯) 好吃(原始評論)好吃
WinYao Sung	5	夏威夷披薩比外面專賣店還好吃，只吃一片不小心又吃半張。真是感動。
陳振蒼33	5	菜色進步，黑鮪魚生魚片，焗烤生蠔，干貝，烤澎湖鮮蚵，本次回訪，實至名歸，讚!
蒼雲	1	疫情期間，前往用餐時，發現鮭魚有惡臭味。向服務人員反映，完全置之不理。現在饗食價錢已逼近千元，這樣的餐點水準實在…… ??更多疫情期間，前往用餐時，發現鮭魚有惡臭味。向服務人員反映，完全置之不理。現在饗食價錢已逼近千元，這樣的餐點水準實在……如果用桃園縣三家日式吃到飽做評比。完全就是 欣葉>饗食>海港城。希望用餐的人不踩雷。
鄭志賢	5	食物好吃，服務又好
柯南仁	5	天使蝦很好吃，謝謝你們！
宋建華	4	食材跟口味都蠻棒的吃到飽餐廳。
yng Chen	4	位處市中心，好吃，好逛
張志隆	5	(由 Google 提供翻譯) 用中膳~(原始評論)用中膳~
豫	5	盡量不要為了值回票價硬撐，不然下場就是去廁所吐
Leah Yeh	4	服務人員親切熱心，食物算豐富美味
Chen Rex	5	吃到飽來說食材算豐富，也不會太擠
Deris Ayu	5	(由 Google 提供翻譯) 尼斯和舒適的地方。我喜歡這個地方。 ????(原始評論) …更多(由 Google 提供翻譯) 尼斯和舒適的地方。我喜歡這個地方。 ????(原始評論)Nice and cozy place. I like this place. ????
呂育菁	5	(由 Google 提供翻譯) 好吃??(原始評論)好吃??
SPHINX Ko	4	光吃大生蠔就回本了！CP值蠻高，適合大胃王來
Chien Jui Huang	1	下午茶吃了鮭魚握壽司發現有股酸味吐出來但是不小心吞下去一點半小時後就去水瀉了 ??更多下午茶吃了鮭魚握壽司發現有股酸味吐出來但是不小心吞下去一點半小時後就去水瀉了如果需要用廁所的朋友建議去殘障廁所裡面有免治馬桶很舒服（如附圖而且沒什麼人用很乾淨其他餐點倒是沒什麼問題地瓜跟馬鈴薯泥一定要拿非常好吃拔絲地瓜外酥內軟甜甜的相當有戰鬥力馬鈴薯泥的松露味超棒炸蝦等日式炸物也很不錯甜點因為肚子痛只吃四種不過大體上就是吃到飽的正常水準不過這個價格還不如去吃欣葉至少不會拉肚子推薦給對腸胃有自信或是覺得自己運氣不錯的你
Jessie Don	5	乾淨好吃
劉建宏	4	我們吃的是下午茶 菜色 不多
黃?屏	4	價錢雖然不平價，確是聚餐的好地方！
Da-Shiun Liu	5	服務態度良好，整體上非常滿意
洪豐	4	好吃的自助餐廳
Denise Cheng	5	目前最愛的一家自助餐餐廳，服務員很親切熱情，連吧檯師傅都很好，和客人互動愉悅。壽司區種類好多，餐點擺放動線清楚，環境也乾淨，餐點也好吃，無論正餐或午茶都有一定水準，最近也有買外帶回來，不輸在現場吃的~希望饗可以一直維持水準甚至越來越好唷！
Cassie Lo	4	用餐環境舒適不雜亂，餐點滿精緻，口味也不錯
陳震	5	好吃，目前人不多品質依舊不錯，唯一缺點是現切牛排太軔了，難以下嚥
彭曼瑄	5	因為疫情店家採隔桌坐 感覺很好食物與同類型吃到飽大同小異
Betty Chang	5	服務超級好∼東西選擇還算多，價格合理！
施孟	5	讚讚讚 美味 好吃 牛肉好吃 吃不完全部的東西
鄭吉宏	5	店長優秀帶領，服務人員專業態度，讓活動順利完成，非常感謝
Nicole Kuan	5	N訪，午、晚餐都嚐過，最近常來用下午餐，cp值很高，用餐環境寬敞舒適，依然提供優質服務，每次用餐心情都很好
黃樂樂	4	餐點還不錯
Food Taiwan	1	餐點品質不優，很多東西都是先做起來放旁邊，尤其是握壽司，一點都不新鮮，感覺都是握起來放旁邊，下午茶做晚餐的，中午做下午茶的，東西都不知道放多久，樣式不多，都大同小異，炸蝦非常的油，可能師傅的技巧不太好，考驗炸功的東西做成如此真的不優，生蠔味道不是很好，起司醬味道也不夠感覺都是麵糊的味道，
歐耶	3	真的比以前吃有比較好一點，但是有些海鮮跟壽司有些不是很新鮮，甜點真的不錯所以有加一點分
Amber	5	符合吃到飽的水準因為13：00才入場，特別通融可以跨時段，從午餐吃到下午茶，這個部分100分
Chrissy W	4	羊排跟生魚片很好吃 甜點厲害 雖然沒有很厲害的菜色 但cp值很高 推薦
吳四美	2	食物有的已冷掉 菜色種類稍少 當初說漲價食品品質也會上升結果令人失望 可能是桃園區的關係 感覺所有連鎖店不管哪家到哪裡 都比不上台北市
呂學儀	3	(由 Google 提供翻譯) 方便聚餐聊天。(原始評論)方便聚餐聊天。
洪瓜瓜家族	4	店東請客都喜歡
基益李	5	海鮮種類多樣，新鮮美味。
李忠勇	4	(由 Google 提供翻譯) 很好人不多(原始評論)很好人不多
張詠詠	5	進場前會幫客人量額溫跟消毒，很貼心
呂明達	4	新鮮，好吃，多樣
周蓉銘	4	太貴了
曹婕	5	我個人蠻喜歡整個感覺的氣氛是不錯的食才也是很重要的蠻豐富多樣的??
方致謙	5	讚，讚，讚！
彭光宗	4	偶爾吃可以啦
HLX@竑黎興LED節能事業部	4	服務親切，菜色沒有想像的多，口味大多數還可以接受， ??更多服務親切，菜色沒有想像的多，口味大多數還可以接受，場地不算大，可能是接近清場的時間進去，感覺菜都有點冷 清
湯KC	5	服務好，餐點好吃
Rom Lin	4	菜色豐富
Samuel Huang	5	環境整潔舒適，食物多樣化；雖無特殊頂級食材，但夠新鮮，烹調合宜，服務人員專業。值得再訪
Ricky Chung	4	不錯吃，但價格越來越高，談不什c/p值。
莊雅文	3	久久嘗鮮可，吃到飽對我已經沒吸引力了。
秦漢	5	很高單價，食材也很豐盛。
吳信樺	5	(由 Google 提供翻譯) 聚餐方便(原始評論)聚餐方便
阿慎	5	出餐速度不錯，服務態度好
Yu-die Zhan	3	家人?種類多但不新鮮，沒有很好吃！
芷嘉	5	甜點好吃的沒話說個人覺得甜點的部分比饗饗的好吃
夢蘭嬌	5	餐點款式沒有京站多
林勝烽	3	價位不便宜但東西都不錯吃
陳諺霖	4	"最近有優惠活動,中午與另三位朋友聚餐,4人同行一人免費,很值得。"
Adam Lin	5	心中第一名的BUFFET，超過100分
劉姚佐	5	不錯吃..服務好
elly k	5	餐點多樣，環境寬敞
鵬	4	用餐環境舒適，燈光明亮生魚片料理：東港黑鮪魚個人推薦料理：烤鴨夾餅，和風生牛肉， 天使紅蝦，蛤蜊湯，台灣農林茶飲??，生牛肉握壽司，土瓶蒸 ??更多用餐環境舒適，燈光明亮生魚片料理：東港黑鮪魚個人推薦料理：烤鴨夾餅，和風生牛肉， 天使紅蝦，蛤蜊湯，台灣農林茶飲??，生牛肉握壽司，土瓶蒸甜點推薦：生巧克力，烤布蕾，手工餅乾* 最好網路預約訂位，即使平日中午用餐還是9成滿，可惜不是吃蟹季節，花蟹肉不紮實，淡菜跟鳳螺肉彌補一些不足
0920260737 J120990086@gmaol.com	4	菜色豐富多元化
Hsu Shu-Ling	5	和其他的饗食分店一樣，食材多樣好吃。
林郁棨	5	環境好，約會好去處
johnny kuo	5	讚 ！值得再訪 中壢桃園兩店都不錯
楊詔鈞	5	事先預約很方便，壽星可以打95折但記得先下載app才能喔
唐康琳	4	還是記憶中的味道，菜色多……
陳開傑	5	"以價位來說,CP值算不錯了,環境、餐檯都很乾淨,餐點多樣,家庭聚餐不錯的選擇！"
CHENG YU LU	5	美食很多！服務態度很好！
levorg CT	1	"下午茶，不好吃，蛋糕竟然我一個都沒拿，冰淇淋選項也很少，但我就是來吃下午茶的呀！不會再來吃，難怪根本不用預約，因用餐人數真的真的好少人，兩個人吃1,398"
Chi Shan CHEN	3	菜色已經不能再，，，照片就放我覺得還可以的，，，
黃富源	5	菜色豐盛，新鮮美味
吳芳芳	5	最喜歡炸蝦 烤蝦 烤香魚  甜點超棒
Mia Chen	5	??
Jenchien Chang	5	東西超級多好吃，喜歡他的冷淬咖啡、生魚片系列
翁峻	4	同事聚餐 餐點豐富
范丞富	5	東西不錯吃!
jao舅媽	5	平日沒什麼人，是聚餐的好地方
tien_yu Kang	5	什麼都有，很盡情吃爽
朱善藝	5	東西還算好吃
王國正	3	還不錯
Ruby	4	還不錯吃
jackie k	4	不鎢
yu don	4	因價格稍高菜色樣式比較多雖然過年加價但也加菜大隻天使紅蝦及大干貝不錯吃喔！
張繻月	5	食材新鮮，服務親切，大馬士革鮮萃綠茶超好喝
洪建明	3	好飽。
Jenny CHEN	4	一直以來，都覺得饗食天堂桃園店的食物品質很穩定，可惜這次在農曆年假期間去用餐，下午茶時段只喝到一碗酥皮濃湯，師傅很辛苦，烤到來不及，還是平日用餐品質較優
徐隱峰	4	不錯吃！
張晉誠	5	(由 Google 提供翻譯) 菜色多，好吃(原始評論)菜色多，好吃
Iju Chen	1	1/28晚上用餐，很誇張，東西都空了，該有的通通都沒有也沒補，吃到沒有東西可以吃，想吃海鮮不是沒有就是不新鮮，盤子也沒有人過來收...真的是非常糟糕的用餐體驗
帥江	5	吃了多年，菜色有變一些些。
Clayton Lee	5	很好的自助百匯餐廳
楊鎮豪	4	東西挺豐富的，希望可以變化一下主打菜色
黃鴻昌	4	食材還不錯
林宸宇	5	(由 Google 提供翻譯) Cp值很高(原始評論)Cp值很高
Wing Hsiang Huang	5	大年初一也是沒有時間限制，非常喜歡沒有壓力的用餐！
Shang Ru Lu	5	真正最好吃的饗食天堂就是桃園店，已經光顧十位數次數
chang may	5	讚~??食物新鮮美味愛吃生魚片非常適合CP值非常高聚餐首選
陳金鎮	5	食料多，無限用餐，吃到飽，真好。
張啟文	1	菜色烹調口味差，逃生緊急避難通路應再檢核
沈師聰	3	動線不佳:海?不怎?新鮮價位偏高!
湯玉堂	4	備料足，爽口美食，也有各國料理，值得一食。
MATISSE HUANG	4	食材多樣化
Tom	4	總體而言環境衛生，服務不錯，東西就差不多那樣，沒有很驚艷的
Dragon Targaryen	4	適合多人共聚的吃到飽餐廳 平日不限用餐時間生魚片基本上算是新鮮不錯  可惜炙燒壽司的部分有先做起來 不像臺南桂田酒店一樣是現做的比較值得推薦的有 ??更多適合多人共聚的吃到飽餐廳 平日不限用餐時間生魚片基本上算是新鮮不錯  可惜炙燒壽司的部分有先做起來 不像臺南桂田酒店一樣是現做的比較值得推薦的有烤鴨的薄餅 味道頗香 但是肉量偏少還有和風生牛肉 鮮嫩的口感 搭配他灑上的香料 味道不錯而隱藏在側邊的鐵板區 鐵版燒天使紅蝦 肉質特別鮮甜 勝過其他區的蝦子在鐵板區旁邊的 焗烤生蠔也是十分不錯這兩樣最為搶手 人一多就需要排隊飲料方面頗多元有 少見的氮氣飲 還有專門的調酒師幫忙調配 三種口味的格蘭10年威士忌以及日本燒酒調酒  漂浮冰咖啡也是由他幫忙調製雖然價格不菲但是個人覺得整體品質跟服務還可以接受 日後有機會在訪
陳騏榮	5	(由 Google 提供翻譯) 好吃.(原始評論)好吃.
楊捷如	2	海鮮生魚片還算新鮮，不過牛排的筋實在太多，用餐刀切都切不斷。很多餐點都補的很慢（包括可樂、牛排薯泥、烤鴨、羊排、蘿蔔絲），甜點好吃，不過烤布蕾的布丁體也太薄了吧~很多食物的溫度都冷冷的，烤魚下巴腥味很重，炸蝦的麵衣太油（還沒冷掉都嫌油），整體的精緻度不夠
Ray Huang	5	(由 Google 提供翻譯) 美食天堂(原始評論)美食天堂
Yi Chen Xue	4	響食天堂，無可挑剔
李祥龍	4	菜色豐富，用餐環境好
何秋宴	5	海鮮樣式很多！菜色很豐富，滿足……
李美青	4	食物不錯吃
李?葳	4	中午用餐平日人潮依舊不少，有現煎羊排、天使蝦、魚下巴，料理以紅肉為主，鮭魚生魚片鮮甜
William Kaneta	5	(由 Google 提供翻譯) 都可以吃(原始評論)All you can eat
林小良	4	"吃素的也可以來吃~可惜只有7道主食可以選,其他水果、蛋糕、甜品、飲料都不錯。"
Lee Yvonne	5	種類多樣、食物美味。各區的分隔也十分清楚，像是有一區就是稍微日式，生魚片、壽司、炸物區，推薦它的炸牛蒡，味道很香而且很酥脆。 ??更多種類多樣、食物美味。各區的分隔也十分清楚，像是有一區就是稍微日式，生魚片、壽司、炸物區，推薦它的炸牛蒡，味道很香而且很酥脆。還有一區是義式料理，每次來必吃的香蕉巧克力薄片披薩，味道恰到好處，很適合當作鹹食的中場休息料理。還有焗烤的大牡蠣，總是熱門料理，也非常鮮美多汁。接下來是沙拉、肉類區，最推薦現做的鴨肉春捲，醬汁超級好吃，味道也很有層次。肉類近期升級成和牛，可自選熟度，配料醬汁也非常多種任君挑選。再說甜點區，超喜歡抹茶雪花冰，不會太甜太苦，抹茶味也吃的到，看起來一小座山但搭著其他甜點吃其實份量剛剛好，而且搭什麼都好吃！自己挖的哈根達斯冰淇淋配上它又有另一種味道，非常有趣~ 糕點類樣式也很多樣，還有現場烤的焦糖類點心~還有很多料理，挑出幾個跟大家分享我在這裡吃到特別喜歡的食物~
Paul Lo	3	"(由 Google 提供翻譯) 啤酒精彩自助餐，食物是巨大的(原始評論) …更多(由 Google 提供翻譯) 啤酒精彩自助餐，食物是巨大的(原始評論)Wonderful buffet with beer, food is tremendous"
陳顥銓	5	讚，CP超高
陳龍弘	3	還好而已
袁謎謎	5	食物好吃，服務不錯
爸Jenny	4	不錯，跟海港城有的拼！
林妍君(台灣)	5	東西多，不過不便宜喔
黎小綺	1	一個大人加服務費要一千多塊，那樣的菜色，真的很不值
hong eddie	5	舒適的用餐環境
Jack Chen	4	百吃不厭，食材新鮮
Christophe Beyls	4	(由 Google 提供翻譯) 優質的食物和服務的價格。(原始評論) …更多(由 Google 提供翻譯) 優質的食物和服務的價格。(原始評論)Excellent food and service for the price.
季穎	3	食材沒什麼特別的地方，飲料還算可以，整體來說晚餐時段費用有點高，並不值這個價位。
Robin Cheng	4	下午茶也能吃得豐富
心心	5	假日晚餐才有的紅蝦干貝吃到飽超讚的
吳美琪Miky	4	取餐方便，服務人員親切，食物新鮮！
Andrew Chen	4	CP值還可以，服務親切
書賢???	4	(由 Google 提供翻譯) 不錯(原始評論)Not bad
顏顏	4	吃好飽
Kenneth Liu	4	"東西還不錯,位置稍嫌壅擠,不過個人覺得台北京站店味道比桃園和中壢店好"
葉如煙	1	跟新竹的差太多東西難吃
曾永順	4	新鮮 好吃
Chen-Hsiang Lin	5	海鮮很新鮮，適合喜歡生魚片跟壽司的人來大啖美食，甜點不會太死甜，這點很棒，食物選擇多，一直都是饗的優點
海斯廷斯	5	食材雖新鮮，但收費也比幾年前還漲了些，小食量的來這，會比較不划算。。。也有瓶裝台灣啤酒，及其他酒類可以選擇，對於喜愛喝酒的，也是個不錯的參考！ ??更多食材雖新鮮，但收費也比幾年前還漲了些，小食量的來這，會比較不划算。。。也有瓶裝台灣啤酒，及其他酒類可以選擇，對於喜愛喝酒的，也是個不錯的參考！服務方面還不錯，小朋友的湯匙掉在地上，服務員很快的就過來撿起，並更換新的~
Miko就是要吃喝玩樂	1	德國豬腳好硬欸
我是宇宙人	3	當天外勞過多現場用餐吵雜店員沒有積極勸導像似菜市場也像觀光景點不像來到餐廳像，印象很差不會再去第二次。
CH MA	4	食物鮮美、供應不斷、服務人員優雅是值得期待美味的地方。
chun ming ma	4	食物尚佳，價錢尚可！
Betty Kuo	4	食材備貨充足！
花倪方	2	無物超所值
黃致榮	4	中上品質的自助吃到飽餐廳，環境很棒。
張俊霆	3	1.價格有點貴 2.東西有點普普的
劉琰	4	(由 Google 提供翻譯) 好吃(原始評論)好吃
許靜美	5	(由 Google 提供翻譯) 食材都很好吃，很棒(原始評論)食材都很好吃，很棒
Sam Wei	1	菜色變化少，收費越來越高。 連拍攝餐點的興致都沒了。 不要為了賺錢而忘記了美食的初衷。
瑪格林	4	服務很親切食材非常新鮮口味眾多，只是冰淇淋太硬了，使用洪荒之力也很難挖…
呂理健	5	(由 Google 提供翻譯) 好吃！(原始評論)好吃！
林小瞳	5	好吃，除了燒賣類蒸的有點乾，其他都超棒!! 尤其是肉類，甜點，飲料??
?仁慧	2	菜色不好櫃檯態度不好廚師評論客人身份穿著
李小興	5	食物真的好吃，但記得不要拿放太久的，會硬硬的
柴寶	5	比起台中店食材品管更好！甜點沒有冰很久的冰箱味道！蛋糕體也不乾！牡丹蝦壽司超鮮甜超好吃！ ??更多比起台中店食材品管更好！甜點沒有冰很久的冰箱味道！蛋糕體也不乾！牡丹蝦壽司超鮮甜超好吃！鮭魚卵手卷，魚卵很新鮮很讚！服務態度都很好∼
CHIA CHEN CHUNG	4	選擇性較多位子稍擠有大型活動時（尾牙 ??更多選擇性較多位子稍擠有大型活動時（尾牙走走廊要與服務生擠在一起稍嫌美中不足
mile S	5	有奶油螃蟹，希望灸燒壽司可以再加強一點
Bat Huang	4	"菜色及口味對比以前來說下降許多服務普通,價格高漲,不是首選"
Willowy Shi	5	食物種類多，適合家庭、朋友慶祝節日等的聚餐，價格屬高價位，久久吃上一次高級吃到飽料理，也屬市民小確幸
陳立騰	4	還可以
小白兔	3	菜色不夠台北豐富但價錢一樣
tommy lin	4	"菜色總類豐富,皆在水準以上,偶爾想無節制大吃大喝,很適合來吃....."
Jonas Chien	5	食材豐富，乾淨整潔，擺設方便，氣氛很棒，值得一來再來，烤焦糖葡萄柚超棒。
sanjia duh	4	可以嚐美食
羅炯枝	4	好吃，但價格有點太高了。
羅國禎	5	食材多樣化˙環境好氣氛佳˙價錢合理˙服務親切˙是用餐的好地方！
黃世馨	5	(由 Google 提供翻譯) 比新北跟台北的好吃(原始評論)比新北跟台北的好吃
Li Ray	4	服務不錯，員工基本友善，食物種類也多。但對我來說口味和品質卻一般！
張耀升	4	工作人員親切，食材新鮮
elentiya kseniya	5	(由 Google 提供翻譯) 大！食物很美味。 ??(原始評論) …更多(由 Google 提供翻譯) 大！食物很美味。 ??(原始評論)GREAT! the food is tasty. ??
蔡恆誠	5	食材、飲品多樣化新鮮好吃，環境乾淨舒適
Tai Chi Sang	4	食品質素高，品種多。
徐國銓	5	(由 Google 提供翻譯) 好吃百料！(原始評論)好吃百料！
Phai Khonsung	4	(由 Google 提供翻譯) 美味的食物(原始評論)??????????
Monica Liu	4	"差不多每3個月左右就會去用餐一次,建議食量不大的人,可以去吃下午餐"
曾華棣	4	不錯。可以悠閒用餐品質好……。
1 1	3	cp值p高！菜色普遍！價格?高……
may may	5	有別於市面上烤鴨肉質不乾柴，生魚片新鮮，握壽司醋飯Q濕潤不乾硬……，唯冰淇淋每桶竟是軟軟糊糊的，還沒回到座位都融化了，是要省電嗎？
陸翌臻	5	食物新鮮，全家聚餐，享受美食
福明柯	2	壽星有生日禮，有打折。
Shan Kuan	3	訂位熱情服務菜色OK，有位子區塊需求者宜訂位時先告訴服務人員較好。
????	3	還可以
懶懶虎	3	價位再度提高但品質依然中上等水準
吳Chris	4	"很多美食·，你一會吃到飽飽,我是吃許多年了。"
金晨	5	新鮮
Yi Zheng Xia	2	食物很好吃但櫃台組長態度非常差給紙的時候還很不屑 ??更多食物很好吃但櫃台組長態度非常差給紙的時候還很不屑我非常肯定我們的態度並沒有很不好請問客人花錢來吃飯是惹到她了嗎^^？
林小姐	5	(由 Google 提供翻譯) 好吃(原始評論)好吃
帥哥晉佑	4	炸蝦必吃但是好像粉越裹越厚了
Sungying Chin	2	最近一次去吃人變少很多...位置只坐滿一半...內容並沒有什麼變化只是dm改了而已..還漲價 生魚片也變得不好吃...這樣惡性循環下去 可能這間店也撐不久...吃了五年的父母親節和生日...下次要再來可能要好好考慮了!!!
張桂娟	5	下午茶的食材品質跟 午、晚餐一樣..  生魚片！讚??炸蝦多汁。扇貝 白蝦 水煮蟹 。。這次去吃大多主攻海鮮  吃完後並無肚子不舒服
倪倪子	4	(由 Google 提供翻譯) 好吃 食材好 精製(原始評論)好吃  食材好  精制
Ellen Huang	3	餐點種類尚可
邱便仔	5	一個月沒來，菜色有變化，晚餐的焗烤生蠔很讚，新鮮沒腥味
日向小花	5	蝦子大又鮮甜、螃蟹滿滿的蟹膏、飽到天靈蓋??????
陳佳慶	4	推假日餐點比較好吃
蘇威德	5	不錯誤！
自由萬歲	3	建議可以改成先付款後進場，反正大家都要先到櫃檯拿桌號再排隊，乾脆一起付款就好。每次吃到一半服務員來說要先買單還要趕緊掏錢包，嘴裡還有食物真得非常尷尬，還很不禮貌。還有就是時間還沒到，最少還有半個多小時，但已經不出餐，很多餐點已經先收起來了，員工走了大半?????♂?哈嘍！這麼趕著休息你們公司是不是要好好調整一下時間，既不影響員工休息又不影響客人用餐
黃慧珊	5	(由 Google 提供翻譯) 非常好的自助餐(原始評論)Really nice buffet
陳少偉	4	好久沒吃了
葉思婕	3	跟剛開幕比起來 退步了
Saint Wu	4	還可以
陳文章	5	(由 Google 提供翻譯) 各方面都很好(原始評論)各方面都很好
蔡瑜	5	員工服務品質很好，點“台面上沒做出的食材都會帶著“微笑馬上做。 大推！
geniuschiu666	4	菜色很多 有啤酒喝 但消費不便宜
邱靜玲	5	食材多樣化 美味好吃
JJ Gu	4	有點貴，還不錯吃
Sheng wen	5	生魚片很新鮮 天使紅蝦現煎 非常軟嫩服務人曰態度也都很好
程龍龍	3	餐點都不錯 但 “個人”啦 覺得吧檯上師傅們 聊天會不會聊的太自我了 客人上前詢問要餐點 還要多叫一兩聲 平日晚上 客人或許沒那麼多 但 你們是在上班…
詹宇文	4	料理種類多樣，環境舒適整潔，如果菜單偶爾可以多點變化更好。
何立華	4	食物種類多，補菜速度快，好吃。
慧huilin	4	菜色上一直有在更換?不過海鮮食材大致上都一般般。偶爾聚餐活動空間上還蠻寬敞舒適
Kevin Kuo	5	升級後第一次來吃，不錯喔
李睿騏	4	餐點跟服務人員都不錯
土熊Kuma	5	吃過饗食不下20次（從小吃到大每間店品質不一桃園店我覺得很可以 ??更多吃過饗食不下20次（從小吃到大每間店品質不一桃園店我覺得很可以雖然價位也真的不便宜但種類真的很多而且也算好吃比起漢來（台茂）還是饗食好
Gina Huang	3	口味多樣、服務ㄧ般、環境尚可，美食愛好者或對食物精緻度較要求較高者，可能無法得到驚喜與對食物的滿足
陽	3	還好耶
游豐嘉	3	同樣的品牌 在台中吃 和我朋友在台北吃  我們相同的感覺是有段落差  食材的料理方式可能要 做些改進  或是去別間分店交流交流
Ryan Mendes	4	中西港式甜點飲品皆美味精緻，服務收盤帶位也及格，窗邊可俯瞰景色，環境油煙問題處理的不錯，餐具僅玻璃杯不太乾淨，餐盤補的稍慢，種類不多也不算少。整體而言假日下午茶價位值得。
Sam Ko	1	"握壽司做好了也不端出來讓客人拿取,放在裡面等客人開口才給!!香魚一次只出六條,瞬間被拿完又要等,補菜速度緩慢!!餐具不夠用,已提醒要補卻沒補,盤子,杯子,碟子都沒有,過一段時間才有人補!! ??更多握壽司做好了也不端出來讓客人拿取,放在裡面等客人開口才給!!香魚一次只出六條,瞬間被拿完又要等,補菜速度緩慢!!餐具不夠用,已提醒要補卻沒補,盤子,杯子,碟子都沒有,過一段時間才有人補!!聽見一位婦人向人員抱怨,排了三次都沒有拿到炸蝦,人員只回人太多沒辦法!!以上是2019/10/10 上午11:30 5位在饗食天堂(桃園新光店)用餐的實際感想!!PS:中壢店的饗食天堂我也去過,人一樣是爆滿,但是補菜速度就差很多!!"
鍾沛伸	5	來吃過三次雖然東西都差不多，不過品質都很好
chungshou tsai	4	用餐環境佳，尤其在平日下午茶時段
林威學	5	自助吃到飽，食材新鮮
冬瓜Donggua	5	香草烤布蕾好吃海鮮很棒調酒我覺得味道淡了些
Jr Wei Hung	5	(由 Google 提供翻譯) 和朋友約好的好地方。(原始評論) …更多(由 Google 提供翻譯) 和朋友約好的好地方。(原始評論)Good dating place with friends.
羅小珍	5	物超所值，吃得過癮，吃得開心。
david ...	5	(由 Google 提供翻譯) 可以.(原始評論)可以.
Rakko Chen	5	(由 Google 提供翻譯) 好吃 ????(原始評論)好吃 ????
W T	5	菜色項目很多，每道口味也很精緻不隨便，氮氣飲品口感細緻好喝
Lo Lilin	5	海鮮???鮮甜??子也很新鮮奶油螃蟹???非常好吃土瓶蒸也好喝∼所有的一切都值得推推∼除了香草??泡芙不好吃以外....其他的我都覺得很棒??????
園長	5	第一次來吃桃園店 各項食材表現都不遜色 海鮮很新鮮 螃蟹可以整支漂亮的剝下 有個焗烤茄子很厲害??生魚片也很鮮甜 冰淇淋的哈根達斯口味超多 真的超級開心的?? 甜點的布朗尼好吃到想給超級高分的評價 帶點苦味又回甘 核桃給的很加分 烤布蕾也不錯 至於泡芙就還好 整體而言跟海港比起來單價都是比較高 比較讓人覺得吃回本的感覺 選擇性更多 同個食材比較多種料理方式 跟第一次在高雄吃到的感覺進步很多 希望可以繼續維持下去??私心希望沙拉的地方有腰果杏仁核桃的選項??????還有服務態度都很好??????
林翊愷	5	超級無敵好吃的啦！
簡言珮	5	用餐舒適
媚	4	(由 Google 提供翻譯) 好吃(原始評論)好吃
小不點	5	菜色豐富，服務人員親切，用餐環境乾凈
小瑄蕭	5	每年節日都至少會來兩次，9/22這次來感覺吧檯出餐人員變得非常有朝氣，會主動詢問客人需要什麼且非常有禮貌。尤其今日在生魚片區的一位男生「華剛」服務態度非常棒又活潑！這次在新光店用餐非常愉快！
Atom Cheng	5	(由 Google 提供翻譯) 食物美味可口好吃。(原始評論)食物美味可口好吃。
Lin Arale	5	多樣生菜供選擇，很棒!
張淑美	4	服務親切，東西跟上次吃的一樣，沒什麼新菜，場地寬敞，還好
賴彥中	4	餐點豐富的歐式buffet，相比其他家饗食天堂口味也更好吃
林子皓	4	選擇多樣化 用餐氣氛好 但有點小
高小姐	4	過癮
阿鴻	5	食材還是很棒多人聚會還是比餐廳合菜好想吃什麼就吃什麼
庭語張	5	菜色很多樣化~ 很好吃~好饗受~
徐育維	4	餐點豐富用餐愉快
陳建盛	2	東西很一般，吃完回去還拉肚子，不會再來第二次。
傑克二世	3	桃園吃到飽首選
劉惠育	4	來這裡，用力吃就對了
江志偉	4	東西好吃，價錢高了點
李光祖	5	他的菜色進步非常多也變的事很多樣很豐富讓我很滿意
?金鈍	4	好吃，服務優
WEIWEI CHEN	3	價格和品項不成正比，螃蟹很小，海鮮類很少
Eric Chen	4	食物豐富，熱食，點心都好吃。
Anila	5	(由 Google 提供翻譯) 聚餐的好地方 ??(原始評論)聚餐的好地方 ??
謝文政	4	(由 Google 提供翻譯) 食材很多！(原始評論)食材很多！
鄭時雨	3	還行，人比板橋少，不用擠
賴冠中	5	餐點多元，好吃，適合聚餐約會
Charles Chang	4	還可以的吃到飽餐廳，一分錢一分貨
賴姚村	4	跟以前一樣 ，普通好吃沒有什麼特色
陳炎慶	3	反應水果盤鳳梨走味了顏色不加，結果冷台服務員在客人面前，直接用手拿鳳梨吃連續吃三口確認味道是否走味，結果她竟然直接又用手將其它凌亂的鳳梨排回去排整齊，繼續給客人吃，看了我都傻眼了。希望他們能改善
花花花露	2	餐點優，但前臺服務人員態度及效率不佳，明明有訂位一直找不到名字不知道發生什麼事，結帳的單子也很慢讓人一直乾等浪費時間，已經催過了還在跟別人聊天，望貴公司改善
david Da	4	餐點內容豐富，味道不錯。但花費9**偏高
Danny Chen	5	海鮮新鮮，食材多樣！
H月光	5	不只肚子飽。眼睛也吃飽了
許成守	5	高檔食材讓您吃到飽，甜點咖啡飲料無限供應，竟然還有供應酒，物超所值啦！
周宜平	5	食材與價錢相符
黃健民	5	還不錯
Teresa Chen	5	料理選擇眾多，服務人員親切有禮貌。大馬士革綠茶超好喝????????????????????炒飯令人魂牽夢縈，蛤蜊湯也是人間美味??????下午茶時間用餐飽到宵夜也省了  
呂阿育	5	好吃!東西很多~
SK S	4	服務親切，用餐氣氛佳
李承	1	有蟑螂今天用餐時
陳冠宇	4	(由 Google 提供翻譯) 好吃(原始評論)好吃
洪羽珊	4	食材算還可，不過生魚片類有待加強
Oe J	5	很好的餐廳
陳碧芸	5	服務好東西多新鮮
陳珮琦	4	帶位的服務人員臉超臭??
楊熾乾	2	食材沒特色，烹調ˇ方式水準之下。廣告和事實有差距！太貴了。
劉德華	4	餐點很棒，不過桌邊買單小姐不知為何面色有點臭。
Doris Fan	5	提供兒童餐具外，還有畫圖彩色筆，跟環保圍兜，讓大人能夠吃的放心，小朋友吃的開心，環境十分舒適，推薦大家去前一定要訂位！
詹宸誌	5	久久吃 不錯吃 烤布蕾好吃
楊立台	3	"食材OK,獨泠凍蝦口感差!領檯面色不愉悅，讓人未食先驚!買單時取走信用卡太久，感覺甚差!千多元一客......不值"
黃稚芸	1	新鮮度有待加強
Johnnie Wu	4	品質與價錢都有進步，假日每客1000元，不含服務費。
李惠宏	5	(由 Google 提供翻譯) 很好吃的天堂(原始評論)很好吃的天堂
胡筱悠	1	服務態度差，環境不好，員工訓練非常不足
莊宜蓁	5	(由 Google 提供翻譯) 好吃(原始評論)好吃
Gary Chen	5	不錯
min min	5	服務人員儘管忙碌也很親切，菜式很多，雖然假日需要排久一些，但還是都可以吃到，哈根達斯的冰淇淋口味比其他吃到飽多，飲料有酒類，如有需要騎車開車，請安排安全駕駛。大約用餐40分左右就會先買單，付帳者記得留意XD
熱狗	5	有天使紅蝦「一人一次限拿兩隻」還有骰子牛，和日式炸物....很多，東西酸新鮮
李心慈	4	食材新鮮，菜色創新，服務人員親切
陳芊	4	饗食裡面的廚師都胖胖的好可愛喔
子平宋	4	不錯
喬丹	5	三五好友，家庭聚餐好所在，菜色多，料理美味，屬高價飽費，
江多多	2	自助水杯，補杯子的速度非常慢。但餐桌服務很好。
Peilun Kao	4	感覺東西樣式沒有個別讓人印象深刻的，不過似乎CP值算高!建議要先訂位，服務人員態度親切，也很常來收桌面的盤子，很棒!
陳燕齡	4	還好，冷氣不夠
何念蕊	5	新鮮多好吃????
Bird Lo	5	每次吃都不錯，貴了一點
鄒佳蓉	5	高CP值的餐廳。
Elaine	5	店員貼心服務，菜色樣式多，環境乾淨。店家貼心會準備給小孩用餐餐具??、圍兜，畫紙與畫筆有親子廁所，換尿布台，爸媽不用為了換尿布傷腦筋。
Ting Ting	4	希望菜色能多點變化
hung-kuan Pi	5	(由 Google 提供翻譯) 好吃(原始評論)好吃
henry lee	4	"(由 Google 提供翻譯) 良好的自助餐，800NTD平日午餐，它的價值很高。有各種各樣的食物，包括中國，西方和日本。甜點有很多種，包括H?agen-Dazs。免費啤酒，但沒有葡萄酒。 …更多(由 Google 提供翻譯) 良好的自助餐，800NTD平日午餐，它的價值很高。有各種各樣的食物，包括中國，西方和日本。甜點有很多種，包括H?agen-Dazs。免費啤酒，但沒有葡萄酒。(原始評論)Good buffet, for 800NTD weekday lunch it's good value.  Has a good variety of foods including Chinese, western and Japanese.  Dessert has alot of variety including H?agen-Dazs.  Free beer but no wine."
雲生于	3	壽星折扣取消了菜色增加蟹類冷凍的味道很重稱不上新鮮價錢卻增加服務態度一直不錯吃了這麼多年菜色卻一直沒啥變化應該考慮以後會不會再來了
James Lin	3	真的越來越不好吃了，週5晚餐價格都破千了
陳曉鴻	3	還不錯??偶爾解嘴饞不錯的地方剛好又有我喜歡靠窗的座位????
Jason Lee	4	停車方便 食物美味 價格合宜
Mahesh Liyanawatta	4	(由 Google 提供翻譯) 真的很美味的食物。這是一個很好的經驗。(原始評論) …更多(由 Google 提供翻譯) 真的很美味的食物。這是一個很好的經驗。(原始評論)Really delicious foods are available. It was a great experience.
楊繼偉	4	感覺服務螺絲鬆了
Maly Chiang	5	今天中午去用餐，我劃位後去排隊等著入場，我媽坐在櫃檯前等我一起入場，服務人員看我媽年紀比較大，於是先讓我媽進去入座，真是非常貼心的服務，用餐過程中服務人員的態度很好，都面帶笑容、很有禮貌。一年沒去用餐，這次去感覺菜色變化很多，非常美味，很感謝服務人員讓我們用餐這麼愉快^^
黃國禎	3	價格8-900三人含服2660
風之小彩	5	服務快 樣式多 吃好飽~
rj cosca	5	(由 Google 提供翻譯) 最好的自助餐(原始評論)Buffet as its finest
高炳賢	4	菜色豐富，食材新鮮，物超所值！
孫世龍	4	食材多樣新鮮
劉鴻文	4	好吃，乾淨，衛生
楊姚彥	4	東西多樣，價格稍貴
Dana Wu	4	鮮萃綠茶好喝，廁所在店內不用走出去到百貨公司用，廁所乾淨，甜點和中壢店一樣多，多了雪花冰，可惜的是烤牛肉和豬肉(要請廚師切的那種)都偏乾硬，啃不下去吃不完，德國豬角和大口樂骨都太乾，熱炒類很好吃，動線也寬敞，取餐不會擠一起，下午茶算可以。
Polun Chen	5	東西很多樣可以選擇，我最喜歡拔絲，超級好吃
Chen angel	5	吃過服務最好最貼心的響食天堂！因為我是孕媽咪，也沒有事先訂位， ??更多吃過服務最好最貼心的響食天堂！因為我是孕媽咪，也沒有事先訂位，安排沙發區讓我能更舒適，還拿了一個靠枕讓我靠著腰用餐感受非常的好大推
Ray Liu	4	食材多樣，味美，還算精緻，
莊文豪	4	饗食天堂的吃到飽，感覺因為區域的不同所用的食材好壞也有差，這次吃桃園的跟中壢的就有差，桃園好吃許多，從沙拉開始就有許多的選擇與醬料，一般的萵苣、苜蓿芽等等，醬料則有和風、凱撒、千島等等，配菜也有許多總類一般的小黃瓜、胡蘿蔔，也有黑豆、玉米等等。日式料理的部分，除了一般的鮪魚、鮭魚生魚片，也有醃製靖魚，極為清爽的牛肉，另外也有茶碗蒸、土瓶蒸。也有中式料理像是腸粉，鳳爪，鼓汁排骨等等。環境十分整潔，不髒亂，廁所的部分還算乾淨，沒有臭味，或是難聞的芬香精味，還蠻推薦大家去新光站前店 ??更多饗食天堂的吃到飽，感覺因為區域的不同所用的食材好壞也有差，這次吃桃園的跟中壢的就有差，桃園好吃許多，從沙拉開始就有許多的選擇與醬料，一般的萵苣、苜蓿芽等等，醬料則有和風、凱撒、千島等等，配菜也有許多總類一般的小黃瓜、胡蘿蔔，也有黑豆、玉米等等。日式料理的部分，除了一般的鮪魚、鮭魚生魚片，也有醃製靖魚，極為清爽的牛肉，另外也有茶碗蒸、土瓶蒸。也有中式料理像是腸粉，鳳爪，鼓汁排骨等等。環境十分整潔，不髒亂，廁所的部分還算乾淨，沒有臭味，或是難聞的芬香精味，還蠻推薦大家去新光站前店品嚐看看！
孫如春	4	菜色豐富
陳昱瑞	5	(由 Google 提供翻譯) 啥都棒！(原始評論)啥都棒！
Claire Huang	4	重新調整價位後，沒有時間上的限制，心理壓力不像之前那麼緊迫，但其實吃下去的量是差不多的，菜色也比之前有較多調整，給4顆星是價位頗高，且壽星的優惠不多。
吳志豐	5	料好味美，食材新鮮，服務人員親和力夠好！
林正文	4	桃園店??
黃一訓	2	葷菜 的還不錯、素食的不好又太貴、和葷的價格相同不合理
陳韋媚	5	(由 Google 提供翻譯) 多人聚餐聊天的好地方(原始評論)多人聚餐聊天的好地方
Lady girl	5	環境舒服
ㄘㄘ	5	吃到飽，海鮮又很新鮮
蕭淑芬	1	晚餐8點而已就沒上菜!!這樣剩餘的菜色真的值998嗎?兒子說服務員很客氣 加分一下
大星政弘	1	(由 Google 提供翻譯) 日本，西方，中等和豐富的，生魚片，天婦羅，壽司，烤牛肉，蝦，蟹等非常好吃。(原始評論) …更多(由 Google 提供翻譯) 日本，西方，中等和豐富的，生魚片，天婦羅，壽司，烤牛肉，蝦，蟹等非常好吃。(原始評論)和、洋、中?品?豊富、刺身、天??、?司、???????、海老、蟹?????美味???????。
王小姐	3	比起以前有進步，整體來說還不錯，缺點是價格太昂貴。
家楷	4	食材蠻多的
taiho hsieh	4	料理非常多元，但是海瓜子破的太多，應該要挑掉，讓客人吃到碎殼很不好
淑芬陳	5	樣式多選擇性高聚餐好地方
聊帥翔	5	服務態度親切。服務人員顏值高。采餚新鮮。
政欣呂	3	(由 Google 提供翻譯) 菜色略少(原始評論)菜色略少
HHYcorp	4	東西算好吃，但依價格來看品質還有待加強
黃eeyoer	4	食材都很新鮮，也很多烹調方式，適合全家大小，同事朋友聚餐。
Jackal Chen	5	食材新鮮，多樣化
溫柔的手	5	菜色還可以，服務不錯
王思怡	5	高CP值，且有帶幼兒也很棒，有圖畫紙可讓小小孩坐著畫畫，讓家長可安心用餐
Pearl TSAI	5	雖然漲價不少但菜色升級後，確實進步很多，以前桃園店和板橋店差距很大，寧可去板橋吃，但現在可以就近吃桃園店就好，非常推薦，但價格太高，真心覺得水準完全不輸給日本五星級飯店自助餐。
陳正雄	4	菜色還不錯
marco chuang	4	每次來其實都差不多，餐點上其實不會有啥驚艷，服務不錯。
觀之察者	4	在各家饗之中算是比較有良心的店，位置擠但還算合理，取菜區夠大，比較不會一堆人卡在一起。
名揚李	4	來饗食天堂這裡，享用美食就對了，這裡環境衛生，整體而言都很棒，菜色也多元化，海鮮類卻是一般，因為吃到飽餐廳，蟹類、蝦類及生魚片，已經是普遍化了，沒有特色，難以留住喜愛海鮮類的饕客，以往要訂位或現場排隊很難，現在連假日用餐要滿位都難，但是喜歡安靜用餐的人，來這裡可慢慢享用美食。
王麗娟	4	餐廳服務食物都很優，唯獨報到排隊每次去每次亂，雖然有稍微改進但還是亂，希望可以用繩龍柱做好明顯的排隊動線，報到後就排隊，現在是一群人坐在木頭台上不知是不是在排隊等用餐的人，好多人在問要怎麼排隊(?_?)!!?。
Yu Fang Huang	3	人太多 食材吃起來都一般般了跟以往吃別間分店的印象中精緻的感覺差很多
Ray Tao	4	菜色比中壢多樣但還是比台北的少樣
bowei Hsu	5	不錯 東西很多
曉	5	東西種類多，上菜速度快，服務態度佳
琮哥	3	很久沒來了，越來越貴但東西並沒有變好吃，餐點樣式也沒變多，這次主打的天使紅蝦超難吃……腥味很重，只有鮭魚親子丼還不錯，干貝很難等到還要一直排隊……
柯寶秀	4	食材新鮮， 服務人員親切，可惜停車費折價太少了
羅惠	2	非常非常普通，蝦子 都沒有 蝦子 該有的 鮮 甜 味。
春桃郭	4	食材新鮮超有價值
jane tabo	4	"很棒的地方會再來消費,如果坐位是在靠窗就更好了"
Jim Chang	5	每次來都會有明顯的進步與不同的驚豔，價格也隨著品質齊升，十分合理。
Wei Lee	5	饗食天堂的懸崖
陳世坤	4	(由 Google 提供翻譯) 好吃(原始評論)好吃
黃燕慶	4	"眼見很多的美食,人潮也很多幾乎客滿囉！外頭仍然很多人在排隊囉！"
盧秀菁	4	服務很好，食材不錯
vivi Lin	5	服務優良，食物也不錯！
陳婧媚	4	(由 Google 提供翻譯) ??????????????公司聚餐(原始評論)??????????????公司聚餐
y.s Wang	4	桃園 buffet 的首選，這次推出的天使紅蝦非常好吃，但因為排隊者眾，若針對這些排隊的餐點可以增加措施讓大家知道餐點作好了可以拿取，會更好
陳俊傑	5	好吃∼海鮮很新鮮
Shu Chen Cheng	4	菜色多 ，可多項選擇 ，交通方便 ，停車也方便
賴韋誌	5	好吃！！！！大概把，雖然因為人多出菜慢，所以要等一下，不過吃到東西值得。
盛永泉	5	起司焗烤生蠔排名第一，骰子牛肉與蛤蠣鮮湯，則分屬二三名。
余俊儀	4	(由 Google 提供翻譯) 很棒啊∼很好吃。(原始評論)很棒啊∼很好吃。
Q Q	4	(由 Google 提供翻譯) 好吃喔(原始評論)好吃喔
林韋廷	4	東西現作速度算快的，東西也滿好吃的
高煒皓	5	好吃 東西多
Heidi Chien	4	各種料理是一家吃到飽餐廳
張瓊之	4	食材豐富多樣化，最好要先訂位
Wendy Lin	5	種類繁多，好吃，氣氛佳，服務態度好
陳家珍	3	東西算新鮮，但是種類少
張小雪	5	平日來吃非常舒服，很貼心準備了小孩可以著色的畫紙和彩筆
沈育綝	4	東西好吃
Chen Weii	4	1.位於桃園火車站前，交通便利。消費每逾千元可抵地下停車收費一小時，滿兩千就足以算停車免費。2.餐點豐盛，大致新鮮美味。但可能是吃中午餐時段，店家可能會先「推陳」一開始吃到的芭樂較不新鮮。3.費用不便宜，是因為要維持一定水準之上的服務。
徐覺惠	3	餐點質不錯，只是價格不是普通人吃得起！
小青	5	食材新鮮，種類多，好吃。
孫立仙	4	饗食天堂有口皆碑，不用我再多介紹了，是聚會和約會的好地方，讚
王志浩	4	(由 Google 提供翻譯) 家庭聚餐的好地方(原始評論)家庭聚餐的好地方
李忠儒	4	好吃不用排隊很久
chanly pan	5	食物好吃，最愛骰子牛肉，糕點精緻
Jack Chien	4	食材種類和服務暖心，有進步和以前比較
Yu Long Su	5	還不錯
萬興	4	服務好，菜色不錯
張志明	4	食材豐富
Jonathan Lin (PT)	5	壽司，炸物，肉類食物都很棒
Lulu Huang	4	海鮮類食材還蠻新鮮的，菜色選擇多，即使被拿完替補速度也很快，生日前後一週消費還有小禮物（店家很用心）服務態度還不錯，洗手間隨時有人清潔很乾淨，消費價位中等
劉ㄚ平	3	食材好像沒有跟價格相匹配
黃淑儀	4	不錯吃，東西
Dz Ho	5	用餐環境比海港乾淨，食材有其特色之處，沒吃過可以來嚐嚐看。
Y.T. Tsai	5	餐點多樣，口味不錯。
David Yao	5	很好的餐廳
李振國	4	沒有想到 桃園這幾年進步的那麼快 連食堂 也進不了跟台北市差不多了
張貴媜	5	羊肩排好吃，茶類飲品好喝，服務人員態度很親切。
Tina kung	4	菜色很豐富，服務不錯，有賓至如歸的感覺
林宏盛	5	菜色豐富，動線流暢，服務態度佳。
張有龍	5	幸福的生日晚餐感謝浪漫環境
洪維維	1	小朋友跑來跑去能解決嗎？雖然他們也是客人（你們不想得罪）但一定要等出事，撞傷人熱湯翻才面對嗎？
Elaine	5	今天只是吃下午茶時段，一樣還是有蟹、烤蝦，食材質量不輸正常時段。食材非常新鮮、尤其是生魚片，肉感彈牙。炸蝦、烤蝦、蔥爆蝦、天使蝦一點都不乾過頭；螃蟹的蟹黃超級飽滿，蟹肉都是扎實的；海鮮區的沾醬法式醬提升了海鮮的甜度。豬肋排非常軟嫩，再加上孜然，爆好吃；義大利烘蛋，滿滿的蛋甜點要選櫥窗裡面的吃，每一種都非常好吃；熱咖啡旁邊有多口味的糖漿(榛果、焦糖、巧克力…)。 ??更多今天只是吃下午茶時段，一樣還是有蟹、烤蝦，食材質量不輸正常時段。食材非常新鮮、尤其是生魚片，肉感彈牙。炸蝦、烤蝦、蔥爆蝦、天使蝦一點都不乾過頭；螃蟹的蟹黃超級飽滿，蟹肉都是扎實的；海鮮區的沾醬法式醬提升了海鮮的甜度。豬肋排非常軟嫩，再加上孜然，爆好吃；義大利烘蛋，滿滿的蛋甜點要選櫥窗裡面的吃，每一種都非常好吃；熱咖啡旁邊有多口味的糖漿(榛果、焦糖、巧克力…)。再來，服務員不僅態度從容認真也很細心，觀察到我們正在扒蝦殼，主動遞上濕紙巾。每一次收餐盤都會先詢問。總之，這間讓我吃得非常開心、輕鬆。
李嘉卿	3	不知道吃什麼時亂吃的地方
董承翰	3	吃到飽 很好吃
T Manchurian	5	2019/03 定期補充營養的好地方，生魚片、蝦子新鮮不過敏。
陳怡秀	2	和以前比起來，退步了
林瑞龍	4	食品內容多樣化
Althea奧爾瑟雅	5	服務態度好，收盤快速度，食物很好吃(￣▽￣)???
范國慶	5	燈光美 氣氛佳 環境優雅 服務人員很親切好多美食 冰品 飲料 等著你一起來享用喔
林明忠	5	食材新鮮，氣氛佳，服務人員的態度棒。想要吃就會到饗食天堂來。
Leo Leo	4	餐點方面還可以，但接待人員很貼心，因為用餐接近下午一點，還主動將可用餐的時間延長至下午茶時段，這點真的必須誇獎一下。
lily wang	4	約會用餐的好地方
張仲達	5	選擇多，服務快！
黃Kobe	3	九百多沒什麼頂級食材，但樣式很多
宋俊輝	5	氣氛優閒，夜景怡人，食物可口
王冠翔	5	吃到飽的好地方
葉富清	5	好吃，好飽，好氣氛。
鄭元祿	4	菜色多多，衛生新鮮
David Liao	4	菜色情多樣化，價格稍微高了點
Aaron Chen	4	"桃園最好的buffet, 不過價錢不便宜喔"
閻月雯	4	吃下午茶划算，價錢比較低，又避開人潮，補菜快
何東興	3	漲價，但食材沒有升級，不划算。
Angela Yang	1	之前出示電子序號時，感受服務人員好像搞不清楚狀況的樣子，感覺有種被質疑的感覺
張小雪	4	服務優
Yoyo Lin	4	1.爐烤牛肉會詢問要生一點還是熟一點。第一輪是好吃的，但是到了第二輪取肉，整個就是不太理想，難怪之後都無人在排隊。2.生魚片、握壽司、手卷都很新鮮美味。3.炸物也是熱門品項，香魚煎得剛剛好，炸蝦配上醬汁香甜好吃! ??更多1.爐烤牛肉會詢問要生一點還是熟一點。第一輪是好吃的，但是到了第二輪取肉，整個就是不太理想，難怪之後都無人在排隊。2.生魚片、握壽司、手卷都很新鮮美味。3.炸物也是熱門品項，香魚煎得剛剛好，炸蝦配上醬汁香甜好吃!4.現煎天使紅蝦與小羊排每次限拿2份，也是新鮮美味。5.焗烤生蠔，起司搭配肥厚蠔肉。6.御膳桂丁雞湯，肉塊一點點而已，很嫩很好吃，肉量偏少。7.飲料都偏甜，需要偏加冰塊會比較適口。假日用餐沒有客滿，大約只有5成的人而已。
Wendy Tai	1	最低等的材料 真的很難吃
王韋翔	4	位子比中壢sogo店小
緯小小	5	好吃，貴
詹小野	3	服務態度不太好，離場時間還沒到就在催促客人用餐時間，連餐具都收走
彭康峻	4	食材新鮮 建議生日去 會有一些小禮物和生日蛋糕吃 但是不太喜歡搶食的感覺
徐嘉駿	5	二訪一樣菜樣多又新鮮！
Yung-Sheng Yen	5	美味，新鮮，菜色樣式躲避，值得一嚐。
Qiu Lao	5	(由 Google 提供翻譯) 好吃到爆(原始評論)好吃到爆
Dan Lit	4	生魚片新鮮好吃，生蠔焗烤無腥味，整體餐點大部分不錯，甜點水平一般，有多種氮氣飲料，還有提供調酒，整體還不錯
張琇惠	5	菜色多好挑選，乾淨整齊，好吃
廖小福	4	品質維持的一直都還行，平常大約6週吃一次，漲價後變成三個月一次，剛好當瘦身！
王天天	3	食物種類不多不少很正常，但是生魚片吃起來怪怪的，沒魚味
Eddie Lou	5	桃園區少數幾家菜色與價位相稱的Buffet
薇	5	(由 Google 提供翻譯) 好吃(原始評論)好吃
Novarossi JP	3	先給總結：價格差不多的條件，去漢來海港比較值得，除非不吃海鮮的。若比較偏愛日料區，請轉身離開去欣葉，而且價格合宜多了。若沒啥特殊要求，就是吃個飯聚個餐，倒是不錯的選擇。 ??更多先給總結：價格差不多的條件，去漢來海港比較值得，除非不吃海鮮的。若比較偏愛日料區，請轉身離開去欣葉，而且價格合宜多了。若沒啥特殊要求，就是吃個飯聚個餐，倒是不錯的選擇。價格不算便宜，平日人潮算多，但不擁擠。但是，動線設計的很差，擺的故意很密，一次只能一人取餐，到處都要排隊，但總人數並不多...似乎是故意的聰明設計。海鮮區吃完一個月，竟然一點都回想不起來，還是真的沒海鮮區...??孩童收費算合理。餐點種類多，也算可口新鮮。牛排雖排隊，但其實相比其他間，算中等，去拿不用排隊的骰子牛還比較值得。炸物區種類不少，最棒的是有烤蝦。炸蝦之類日式料理，還是欣葉遠勝。生魚片種類和口味都只能算中等。服務尚可，收盤速度中等，時間一到趕人速度第一。甜點區四平八穩，沒地雷，但也不會有印象。冰品是哈根達斯，冰的有點軟，和其他地方不同，這樣比較不好吃。
Captain America	4	"C/P值高, 但動線設計太差, 在等待進場的時候會很痛苦"
王勳德	5	(由 Google 提供翻譯) 想去吃(原始評論)想去吃
sammi kung	5	環境舒適、餐點多樣且美味！??
J	2	還可以，價位偏高
Jeny Yu	3	與麻吉相聚在饗食天堂，在站前新光三越的十一樓，電梯到十樓改手扶梯上十一樓。生菜 水果 生食 熟食 蛋糕 飲料 茶飲，任君選擇。中午用餐到二點清場，準備下午茶。
Samwei Wei	5	圖片中的蝦子就不解釋了，原先還沒吃過前聽到的評價都是普通，但我親身體驗後我給滿星，東西種類豐富、美味、價格適中！會再次光臨的！
WEIHAO CHEN	2	動線普通，時間快到的時候連杯子都會消失，趕場意圖過於明顯，誇張
黃小川	4	過年吃很不值得
邱嵩閔	5	(由 Google 提供翻譯) 好吃(原始評論)好吃
張逸仁	4	佔地寬廣地處新光三越站前店11樓，停車交通便利，菜色料理多元精緻，很難把所有的餐點享用完畢，在此用餐環境雅緻、視野良好，是一種享受。
Bruce Tsai	4	服務不錯
徐秀蓮	5	在這邊用餐感覺很溫暖。
Wang Yu-Hsuan	4	推薦，烤蝦，香煎天使紅蝦，炸蝦，冰鎮蝦，哈根達斯，生魚片，魚下巴，石斑魚湯，煎牛小排，水果沙拉，甜點普
尋不著的夢	5	聚餐的好去處∼
Leo Chen	4	下午茶感覺不錯，挺適合帶兒童一起用餐
Kenny Li	4	(由 Google 提供翻譯) 很棒的選擇！合理的價格。(原始評論) …更多(由 Google 提供翻譯) 很棒的選擇！合理的價格。(原始評論)Great options!  Reasonably priced.
kevin chen	5	種類很多，食材新鮮好吃，尤其烤蝦汁多肥美，好吃，價位方面雖高，比較起來值得喔
徐偉軒	1	服務態度滿差勁的  哈哈哈
Jason Kang	5	(由 Google 提供翻譯) 超多好料！(原始評論)超多好料！
Jimsin Tsou	4	平日下午茶拿菜不用排隊吃的輕輕鬆鬆
Airwolf Hsu	2	菜色數年不變
NANA WP	4	餐點很多樣化，也好很吃，就是價位高了點。
翁士博	5	服務良好，食材新鮮，也不會限制用餐時間，舒服的用餐環境。
SAVIOUR wan	5	菜色有進步有一直在更新
JACKY CHEN	4	選擇樣多，老少皆宜，唯獨價格過高，無法經常消費的餐廳
Perri Chen	3	用餐環境擁擠人擠人，部份食物補充太慢。至於食物多樣性及口感還不錯。中壢SOGO樓上的饗感覺環境比較寬敞舒適。
徐逸榮	5	200道料理可供選擇，氮氣咖啡好喝。
C.F. Lee	2	菜色沒變化，食材普通，價格偏高。時間到了還會一直趕客人！
張淑華	3	吵?一字排開?員工出菜很慢?全挑園是貴的吃到飽餐廳?適合只常鮮人
cs z	4	選擇挺多的，還不賴。
大胖子	3	食材退步了，服務還不錯
楊榮正	4	以吃到飽的菜色而言，在桃園略遜於漢來海港城，但若不要吃海鮮的顧客，饗食天堂也是不錯的選擇，但若以店內的裝潢與擺設，會推薦海港城，饗的擺設較為擁擠
新光寶寶	4	(由 Google 提供翻譯) 美食超多(原始評論)美食超多
辛先生A	4	烤鴨非常有水準 海鮮方面都非常新鮮
許璦翎	5	給五星的原因不是因為這家特別好吃，而是因為沙拉區有一位中年廚師態度十分十分的親切！！當我詢問吧檯上尚未擺出的石蓮花時，他主動給了我剛洗好的石蓮花，順便介紹了其沾梅子粉的吃法，超級親民的啦！ ??更多給五星的原因不是因為這家特別好吃，而是因為沙拉區有一位中年廚師態度十分十分的親切！！當我詢問吧檯上尚未擺出的石蓮花時，他主動給了我剛洗好的石蓮花，順便介紹了其沾梅子粉的吃法，超級親民的啦！第一次很興奮，吃過幾次下午茶後，會覺得每次吃到的料理差不多就是這樣，不會特別有想吃甚麼的慾望。菜色選擇很多，但並不是每樣都稱得上好吃，有些炸物甚至太過油膩。
憨憨	1	態度差
俞建廷	5	品質還可以！也有下午茶可選擇..
陳韋嘉	4	好吃東西很多
張惟凱	5	好吃~價格略高
許旭宏	3	選擇多
Meng-ling Liao	4	美食多樣化，會更新菜色
Kent Liu	4	餐點選擇性少了點
古佳樺	4	(由 Google 提供翻譯) 菜色很多也很好吃，但人真的太多了(原始評論)菜色很多也很好吃，但人真的太多了
陳若嫻	4	還不錯
吳碳聲 tw	4	桃園區中正路19號11樓
Xia Ku	2	甜點好吃，但是櫃檯人員服務口氣差…
卓沛駖	4	今天客戶請吃尾牙。餐點都很新鮮，可能因為今天人太多。有時菜色銜接不及。服務人員都很親切，看的出來有做員工訓練。還會再帶家人來吃的。
JL生活旅遊頻道	5	無法評論了，就是讚！
陳慧雯	4	料好實在，蛤蜊湯鮮，生魚片鮮但牛排太老炸物太油有待加強
中心	5	感覺價格上漲.但菜色更多元豐富...
謝玉真	5	雖然我沒有去過，但是我媽媽有去吃
張穎蓁	5	餐點很棒 很好吃
心魔存在於本性發生在於須臾	4	普通 生魚片難吃 生菜等級很好
dark4053	5	好吃 食材豐富
陳維偉	5	(由 Google 提供翻譯) 好吃(原始評論)Taste good
Vanessa Lee	4	1/20吃午餐剛好遇到許多家公司辦尾牙，盤子都不夠用了，工作人員很辛苦，補菜的速度也快，海鮮新鮮食物種類多，但是要我說哪樣很好吃，好像也沒有，可能是人很多又吵，拿個東西吃要花費很久時間，所以用餐時間到我都還沒有吃夠，只能說很不巧遇到好幾家公司尾牙，但還是要謝謝請客的大哥，讓我吃到豐盛的一餐
Sunny Sung	5	好吃、新鮮、寬敞、好停車
林裕斌	4	自助吃到飽，菜色重多，海鮮牛肉烤鴨，停車方便
Tai-Shu Chiang	4	東西好吃，高樓景觀很讚。
S SFree.	3	之前吃過高雄漢來海港第一次來到桃園的響食天堂， ??更多之前吃過高雄漢來海港第一次來到桃園的響食天堂，兩者比較來說，海港價位大贏海鮮，以及各式樣的牛排，肉品我個人認為響食天堂並沒有太多值得稱讚的地方
陳奇邁	2	整體服務很好，不過牛排的部分每次只願意幫你切薄片，感受不到大口咬肉的快感，這點真的不行。
羅麗芳	3	菜色眾多可以擇其所好，可是就是吃到飽餐廳料理功力上只能中等水平，果汁是新鮮現打推，服務人員態度佳，甜點縮小迷你版可愛，蒸蛋沒味道，瘦小的炸蝦天婦羅，牛排切薄片沒口感，聽到壽司師傅大聲批評客人很會吃，感覺不佳，整體比之前消費差……
Grace	3	(由 Google 提供翻譯) CP值不高(原始評論)CP值不高
蔣小佳	5	好吃，菜色多樣又新鮮。新品---飄浮冰咖啡，上面是哈根達斯的香草冰淇淋。
林星	3	吃的東西是不錯，只是生日蛋糕給了小氣了點
提筆落萱紙	5	(由 Google 提供翻譯) 很好吃(原始評論)很好吃
Yen-Fu Lin	3	20190113改裝換菜後第一次到訪，現切牛肉為迎合大眾感覺都偏熟，反而在熟食區的骰子牛肉熟度比較剛好，氮氣飲料若有無糖的會更好，雞尾酒區有格蘭傑調酒很不錯可惜開車，手捲有鮭魚卵不錯，焗烤生蠔很熱門，整體還行，中午用餐時間兩個半小時扣除排隊時間整體吃下來沒特別充裕。
藤原7卡	4	餐點好吃，氣氛佳 ，價格實惠
Yuan Hsu	1	"(由 Google 提供翻譯) 對素食者不友善跟服務生點了4道菜，分別為時蔬春捲、波特菇香炒飯、羅漢上蒸餃、焗烤蛋奶沙拉麵包塔。 …更多(由 Google 提供翻譯) 對素食者不友善跟服務生點了4道菜，分別為時蔬春捲、波特菇香炒飯、羅漢上蒸餃、焗烤蛋奶沙拉麵包塔。1. 春捲部分: 海苔、蘆筍及高麗菜，捲一卷就上菜，毫無味道。2. 波特菇香炒飯: 送上來以冷掉，口裡嚼有燒焦的味道。單純白飯配香菇絲。3. 羅漢上蒸餃: 一籠一顆，未蒸熟。與大賣場賣的冷凍蒸餃還要難吃。4. 蛋奶沙拉麵包塔: 沒送上來。從點菜到送第一到餐約40分，其中還要提醒服務生，且最後一到餐沒送!!因吃過幾次虧""饗食天堂""對素食極不友善。但因尾牙關係不得不來。如果有下次，絕對不來以上給素食網友的建議(原始評論)對素食者不友善跟服務生點了4道菜，分別為時蔬春卷、波特菇香炒飯、羅漢上蒸餃、焗烤蛋奶沙拉麵包塔。1. 春卷部分: 海苔、蘆筍及高麗菜，捲一卷就上菜，毫無味道。2. 波特菇香炒飯: 送上來以冷掉，口裡嚼有燒焦的味道。單純白飯配香菇絲。3. 羅漢上蒸餃: 一籠一顆，未蒸熟。與大賣場賣的冷凍蒸餃還要難吃。4. 蛋奶沙拉麵包塔: 沒送上來。從點菜到送第一到餐約40分，其中還要提醒服務生，且最後一到餐沒送!!因吃過幾次虧""饗食天堂""對素食極不友善。但因尾牙關係不得不來。如果有下次，絕對不來以上給素食網友的建議"
__ Fan	5	是個和家人相聚的好地方∼料理選擇很多樣化食材也很美味！小缺點大概就是價格真的不低
姚慶志	5	菜色豐富好吃
黃志偉	5	超值好吃的歐式自助餐廳
Ting Hung Lin	4	(由 Google 提供翻譯) 好(原始評論)Good
Lin Leox	3	口味不錯，服務好，有停車場。
Lu心海	4	下午茶吃很飽，餐點多樣豐富，新鮮食材，服務人員親切隨時掌握顧客需求進度，因為是網路訂位，報到劃位時一切順利排隊有序，雖然說是下午茶，餐點跟午晚餐幾乎相同的東西，以價位來看是值得，也不用午晚餐時間人擠人，悠閒自在的享受。
愛笑嘻遊記	4	食材多樣。
湯博文	5	比中壢的好吃一些
天夏	5	會一直消費的餐廳
游筱婷	5	食材多樣化，新鮮好吃
Garth Barry	4	算不錯的吃到飽自助餐廳。每人約1千元(1成服務費)。菜色算多但較為ㄧ般。偶而去吃值得。
謝淑貞	3	取餐的動線不好
張子儀	5	東西很多，服務態度很棒
曾秀正	4	還不錯吃，只是走道窄了些！
rong fa weng	4	雖然價位有點高，但是食材還真不錯
曾榛	4	12/23中午來吃一人八佰多-好貴
李樹下花容失色	5	菜色以buffet來說算很豐富！口味上都有水準∼ ??甜點也棒！餐後吃了很多黑巧克力價位800多覺得很可以????
Angelo Cheng	4	食物種類多，服務態度親切，價格對得上品質，會再次光臨。
馬宏泰	5	食材新鮮及種類繁多，尤其是景觀窗旁的位子更是加分
鄒麗惠	5	美食  真的太好吃 空間大 環境優  聚餐的好餐廳  生魚片 德國豬腳 炸天婦羅，，每一道菜  精緻好吃
林靜宜	5	坐火車比較方便
Julie	5	"(由 Google 提供翻譯) 我們在這裡像豬一樣吃！去下午茶套餐！享受美食的好地方。你可以擁有很多具有愚蠢質量的東西。生魚片可能不那麼好，但除此之外，一切對我來說都是完美的。此外，喜歡聖誕節的甜點以及工作人員的卡片。謝謝=） …更多(由 Google 提供翻譯) 我們在這裡像豬一樣吃！去下午茶套餐！享受美食的好地方。你可以擁有很多具有愚蠢質量的東西。生魚片可能不那麼好，但除此之外，一切對我來說都是完美的。此外，喜歡聖誕節的甜點以及工作人員的卡片。謝謝=）(原始評論)We eat like a pig here! Went for afternoon tea set!  Good place to enjoy food. A lot of things you can have with goof quality.  The sashimi may not that good but apart from that everything is perfect to me.  Also,  love the dessert of the Xmas and also the card from their staff.  Thanks =)"
羅永縣	4	吃到飽
李祖誠	5	(由 Google 提供翻譯) 非常好吃唷(原始評論)非常好吃唷
Victor	5	很棒又美味，牛排不敢吃太生的話，可以拿去煎檯請廚師幫忙煎你要的熟度！服務很親切。跟內湖店和京站比，這家氣氛與動線，用餐比較好哦
何麗珍	4	食材還……不錯，種類繁多，只挑了幾樣想吃的
YAN	4	還不錯但好像內湖店比較優 不知是錯覺還啥
劉?濱	3	環境還不錯東西也很多樣化但。就還好。
tom mallari	5	(由 Google 提供翻譯) 我喜歡食物(原始評論)I'm love the food
張芷	5	服務好，東西好吃，夜景也很美喔∼
takumy hung	5	餐點多樣又好吃
蕭美靜	2	價位高食材一般，想要拿個生蠔整晚都沒有
曾凱傑	1	不怎樣雷
張勝傑	2	部份的餐具很髒，尤其是裝生魚片的長方形磁盤，找不到乾淨的，只好挑一個用。
曾宗仁	4	自助餐點多樣可選擇。
David Ch ia	5	德國友人說不錯
陳定宏	5	桃園市區全家聚餐好地方，材料用心，品質新鮮，偶而有搭配特價活動
翊軒黃	1	"東西超貴, 又很吵, 根本過礜, 真心建議別去吃, 午餐花700塊都在吃拔絲地瓜..."
Leff Tseng	4	個人覺得桃園新光店比板橋店好，個人覺得啦!!  基本上吃到飽的食材都差不多，鐵板燒烹調藍鑽蝦可以無限點，我個人就很愛，那天的厚切牛排過熟，且沒有大生蠔算有遺憾，過一陣子再去晃晃~~
王詩凱	4	中、日、港等等的特色美食都有，品項多元豐富
wowjoysong哇就爽	5	下午茶CP值很高，還有螃蟹，服務人員態度很好
camtom Chao	5	享用許多美食的好所在，但 如果價位可以降低一些的話，那就更讓人覺得物有所值的了
ng pandahi	5	用餐環境優美
劉文生	5	(由 Google 提供翻譯) 好吃好吃(原始評論)好吃好吃
林正斌	5	吃的不錯，服務很好，停車又方便，一分錢一分貨的道理，
江建南	5	燈光美氣氛佳
林桂合	3	價錢高東西還好
尹晨容	4	菜色不錯吃，服務親切。
cn chen	5	"連續去二次午餐，先說個人覺的不錯的，生魚片,鴨肉捲,羊排,天使蝦,蛤蜊湯,冰淇淋,各式調酒,白灼蝦，用餐時段，東西很足，服務人員收盤速度也很快，東西很多，還沒吃完一輪就飽到不行了。"
夏瑞芬	5	是個氣氛好，燈光佳，優美，東西又無可挑剔的用餐的好地方，肚子餓了我就會去，大推”
林立信	4	魚蝦蟹，吃到飽，氣氛很好
李凱夫	3	感覺用餐的環境不夠大氣。每個位子都小小的。氣氛就差多了。
Huang Chun Hung	4	海鮮食材新鮮 氮氣泡飲推薦 尤其鐵觀音 香啊 ！ 用餐價格 則見仁見智 。
annd annd	5	好吃-東西種類多！
婕寶貝	5	(由 Google 提供翻譯) 好吃~(原始評論)好吃~
?小萍	5	適合聚餐，喜歡吃海鮮的。餐點比之前好很多。
五穀茶	5	還不錯，東西又好吃
Sikun Sheng	4	自助餐業者當中，算是最大器的一家，熟食料理不馬虎，廣式點心也地道。只是炸蝦，生魚片，等熱門項目偶有供給中斷的情形。
蔡芳耀	4	食物超多．任意吃．天上飛．．地上走的．．怕你吃不完．．．．
鮪魚肚大胖胖	5	(由 Google 提供翻譯) 好吃欸(原始評論)好吃欸
Tling Li	4	食物新鮮好吃，這幾次去有新增機台，讓人感覺用心。
美侯王	5	(由 Google 提供翻譯) 好(原始評論)Good
馬宏泰	4	"環境超優,值得到訪~~"
CHIA HSIN CHEN	5	有進步的感覺，愈來愈好吃∼下午茶的炒天使紅蝦和氮氣奶茶超好吃
ZongHan Yang	5	相較中壢的菜色較多，也很新鮮，推薦~
Lirown Lee	3	說實話，中壢SOGO的饗食比較好吃(但補餐慢一些)，桃園的補餐快一些，但味道與服務差一點，除了排隊時有類似發呆亭的椅子可以做(這真令人影響深刻)，一開始吃有空盤時，等了約10分鐘沒人來收，還要自己請服務人員來收，椅子上有水，這真的太不專業
甘興漳	4	平常時間去，人少好吃度變了。
Fitch003 Chang	5	蝦子螃蟹生魚片都新鮮!
Penny Chang	5	交通方便，坐火車到桃園站，下車走路不到10分鐘
MWei	4	菜色多樣 而且不會過度調味 吃得出原本的好品質
彭菁玉	5	現在的菜色比以前增加許多，豐富的菜色讓人難怪價格會調整！
范揚明	5	吃的東西應有盡有，每樣東西都好吃
徐李慧玲	5	(由 Google 提供翻譯) 美味(原始評論)美味
電腦工人	3	菜色變差了，CP值太低。
田克強	5	餐點豐富
杜老爺	5	東西好多喔… 東西也很好吃 讚啦！
思穎	4	三味炸蝦特別好吃，肉類表現普通，提供哈根達斯冰淇淋花生醬口味超棒，服務態度非常好，平日中午人不多，CP值高
張之羿	4	總類多，喜歡 還會再來
Carol Lin	5	(由 Google 提供翻譯) 好(原始評論)Good
Frank Hung	4	服務食材均合乎該價位，沒什麼驚艷之處
Ken Lee	5	下午荼買卷，感覺超值
Wachi	5	服務跟環境都很好????????
劉佳玲	4	開心的用餐氛圍，讓人很想都來幾次
李明輝	3	真的沒有以前的好吃 菜色也變差了
Peng Hsu	4	"(由 Google 提供翻譯) 這裡總是很擁擠。食物很美味，但是桌子的佈局似乎並不那麼寬敞。我來過這裡很多次，但我認為質量沒有任何改善。我喜歡這家餐廳，但是“嘿，鎮上有了一個新的競爭對手-漢來海鮮港”。我真希望能有一些好的進步！！ …更多(由 Google 提供翻譯) 這裡總是很擁擠。食物很美味，但是桌子的佈局似乎並不那麼寬敞。我來過這裡很多次，但我認為質量沒有任何改善。我喜歡這家餐廳，但是“嘿，鎮上有了一個新的競爭對手-漢來海鮮港”。我真希望能有一些好的進步！！再次訪問2017年11月19日，在周日的午餐上非常擁擠。一半的食物盤加註速度緩慢且效率不高。總體而言，食物仍然很美味，服務也很好。顯然，它的競爭對手-漢來海鮮港勝了！當它出現在您的列表中時，它仍然是一個不錯的選擇。(原始評論)It's always crowded here. Food is delicious but the table layout seems to be not so spacious. I have been here many times but I think the quality remains the same without any improvement. I like this restaurant but  ""Hey, there is a new competitor in town - Han-Lai Seafood Harbour"". I truly wish some good improvement happen!!Revisited 11/19/2017, it was pretty crowded on a Sunday lunch. Half of the food trays refilling speed were slow and not efficient. Overall, the food is still tasty and the service is good. Apparently, it's competitor - Han-Lai Seafood Harbour has won! It's still a good choice when it shows up on your list."
余欣漾	5	服務及環境都不錯
林美秀	4	不錯是一個享用美食 的地方
郭ㄚ豪	4	食材好，氣氛佳
Eva Wu	5	一定要先訂位
liou j	5	蠻不錯的，還會帶家人去吃
吃貨少女	4	整體吃起來不錯^^
frank yang	5	好吃，菜色豐富
林子涵	5	(由 Google 提供翻譯) 生日(原始評論)生日
poyen sola	4	用餐環境舒適，客服友善親切∼
Bou Fang	4	種類多，還可以
葉筑瑋	5	(由 Google 提供翻譯) 好吃(原始評論)好吃
張宗雄	5	東西很多，服務人員態度也很好，是個可以搞賞自己的好地方。
黃智育	3	價格跟菜色沒同步成長，C/P值越來越低
Lin Gwen	5	東西好吃，一陣子沒來，服務變超級好。整理用餐體驗真的超級好。在領位的時候只是跟我媽媽說了一聲，坐窗邊好好哦∼因為沒有預約，也怕窗邊沒位置，所以我們也沒特別跟小姐說要坐窗邊，領位小姐就帶我們坐窗邊，還對我們微笑（我覺得她很細心有聽到我們的對話） ??更多東西好吃，一陣子沒來，服務變超級好。整理用餐體驗真的超級好。在領位的時候只是跟我媽媽說了一聲，坐窗邊好好哦∼因為沒有預約，也怕窗邊沒位置，所以我們也沒特別跟小姐說要坐窗邊，領位小姐就帶我們坐窗邊，還對我們微笑（我覺得她很細心有聽到我們的對話）走到壽司區，我當時在找比目魚，師傅很友善直接問我需要什麼∼因為檯子沒有比目魚，師傅跟我說要現做，讓我繞繞在回來，收到比目魚的壽司嚇了一跳，超級美的，感覺完全像單點料理了（有圖片）謝謝師傅們如此的用心????最後是我們吃完的時候，會自己把碗盤疊高，結果收餐的領班就跑來跟我們說他們疏忽了?但是其實沒有的！因為是我們才剛剛吃完，想說幫忙疊起來，這樣好收取，餐廳的員工是完全沒有疏忽的！（謝謝收餐具的領班，你們真的辛苦了，而且服務超級好，一點也沒有疏忽哦！）是很棒的用餐體驗，謝謝你們
Baby Mind	5	好吃，菜色豐富
林育圻	4	服務人員親切
麥袁綸	4	食材有進步了喔
許俊迪	5	下午茶價格低，吃的也很飽
王美蘭	3	感覺沒有以前那麼多樣化了
李先生	5	好吃??爽??
亦凡江	4	"裡面菜色還算不錯,不過最近漲價漲很多"
an lu	4	(由 Google 提供翻譯) 好吃(原始評論)好吃
Peipei Li	5	服務不錯餐點多樣化
leo lee	5	服務好 服務人員態度佳 餐點準備速度快 而且餐點都非常好吃????????????????????????
蘇賢耘	4	下午茶價格可接受，食物大部份都很好吃，但肋排不太OK
黃瑞君	5	東西很多 也很好吃 甜點做的很棒
陳洧洧	5	服務品質佳 尤其是生魚片 超好吃的
日月明	4	普通沒有想像中的好
Chang Neal	4	整體素質不錯，種類也多，現切牛排應該是目前桃園Buffet 之最，又在火車站交通方便，也常有優惠活動，以吃到飽而言值得推薦。
徐義雄	5	(由 Google 提供翻譯) 好(原始評論)Good
宋孟平	4	還不錯，但樣式似乎比以前少!
Carl Chang	4	"(由 Google 提供翻譯) 各種各樣的食物。有咖啡，引發紅茶，沒有糖是最近推出的高級。這裡是家人和朋友聚會的好地方。 …更多(由 Google 提供翻譯) 各種各樣的食物。有咖啡，引發紅茶，沒有糖是最近推出的高級。這裡是家人和朋友聚會的好地方。(原始評論)Good varity of food.There are sParking coffee, sparking red tea that no sugar are are high class that being introduced recently. It is a good place for families and friends together."
Ying-Chun Chien	4	(由 Google 提供翻譯) 適合突然想大吃特吃，卻不確定要吃什麼的人。現點的熱食有乾貝，鴨胸，大蝦等，要排隊，但還不錯吃。(原始評論) …更多(由 Google 提供翻譯) 適合突然想大吃特吃，卻不確定要吃什麼的人。現點的熱食有乾貝，鴨胸，大蝦等，要排隊，但還不錯吃。(原始評論)適合突然想大吃特吃，卻不確定要吃什麼的人。現點的熱食有干貝，鴨胸，大蝦等，要排隊，但還不錯吃。
愛德華學苑	5	餐點多元好吃，人員服務迅速，補給速度快。
Yvonne Wu	4	漲價以後，餐飲品項選擇較多，服務也維持一慣的水準；但好像廚師手藝不是有一定的水平.....
甜蛋糕	4	服務人員很好，菜色ㄟ可以…只是…空間不大！！  大致來說…還可以ㄉㄛ
Max Wu	3	只有貴可以形容，服務還算不錯，補菜的速度不錯，但沒有我想像中的菜色多樣化，菜色也不夠精緻。
楊子誼	1	9月27日用餐，飲料檯一不男不女服務員態度極差，以往用餐時會送上意見調查表，今日沒送，是否與此有關？破壞我一向認為桃園饗食服務員客氣有禮好印像，壞了一鍋粥的老鼠屎，價錢調漲了，菜色也沒好到哪，服務又往下掉，待餐券用完，不想再買了，中茂欣葉可悠哉用餐到下午3點，也比饗食便宜
wu jazz	4	好吃又乾淨
?宗毅	1	排隊進場時有其他人插隊，店家視而不見。
李佳蓁	5	花生冰淇淋最讓人回味
Akinori	3	(由 Google 提供翻譯) 普通(原始評論)普通
楊鎮雄	5	食物類別眾多，要先預約，服務親切
許智純	5	食材新鮮多樣化
Karsa與Murphy	4	主攻海鮮類 可以等用餐快結束時大幹一場!東西好吃! 螃蟹新鮮!
yi jie	5	食材豐富，服務人員都很親切
Neo Lu	3	現在的饗食材變得跟以前不大一樣，選擇性很多，且裝潢很有氣氛。
歐士聞	4	食材部分大同小異，但新增的冷萃氮氣飲料感覺很好(咖啡，xx紅茶，綠茶等)，還有隱藏版的食材，如天使紅蝦，龍膽石斑魚湯，嫩煎羊排都讓人心情打開。
葉銘昌	5	新菜色，不錯。但，收盤速度有點慢。哈，太好吃了，所以，吃很快。
李正森	5	不錯吃哦
林美慧	4	??????
Jia Chin Lin	5	第一次吃，食材蠻新鮮的！
Una Lai	5	跟朋友來聚餐的 選擇性多 服務也不錯
chen chen	4	食物美味可口，服務親切
徐康寧	5	吃螃蟹的好所在 食材新鮮多樣
大偉楊	3	CP值不高，不太想去，又漲價。
Jessica Hsu	4	(由 Google 提供翻譯) 很多好吃的(原始評論)很多好吃的
溫溫	4	(由 Google 提供翻譯) 好吃(原始評論)好吃
黃旺	4	(由 Google 提供翻譯) 好吃(原始評論)好吃
陳瑋辰	5	(由 Google 提供翻譯) 新鮮食材(原始評論)食材新鮮
古小升	5	東西好吃又多樣，柳橙汁原汁原味，讚!
洪瑞村	5	各種美食吃到飽∼就是讚啦！
Jackie	4	食材不錯夠新鮮，動線略微狹窄。
TOM YU	3	菜色豐富，食材普通
邱燕梅	4	空間寬敞乾淨，食材新鮮，種類很多，但可惜冰品一直沒什變化，雖然在寫問卷有提了好幾次但沒什改善
Jessica Chang	4	新增氮氣飲料吧台和一些現點現料理餐點，味道很不錯
蛋蛋媽	5	菜色多元，價格合理，環境舒適。
李佳鴻	3	經典吃到飽，久久吃一次可以。
鄭榮傑	5	不錯
黃靜雯	3	我覺得比板橋店好吃
Moku Ho	4	環境服務都相當不錯，服務人員態度也相當優，值得當聚餐的好地點
高聖昌	1	食材不新鮮，牛肉外熟內生，吃完腹瀉不是他們的錯，都是客人的錯。
陳錄得	5	鴨肉不難吃
陳淑華	5	高消費東西多
張家維	5	服務及餐點都很好。
Arvan T	4	好吃∼但價格上要存久一點錢才能來吃
LISA YANG	3	老少咸宜葷素都行餐點價位雖然稍貴不管聚餐或是家聚偶而光臨心矌神怡
張丰毓	5	喜歡這裡的餐食和氛圍，特別的日子會想來這裡用餐
蘇小姐	4	東西很多很新鮮，吃不完。
陳履嘉	4	不錯
Terry Sun	5	雖然漲價了，但是菜色依然多樣美味，還算是物有所值。
許家栯	3	菜色越來越少………
鄧鄧	5	還不錯，但海鮮類太少
hsu rick	3	(由 Google 提供翻譯) 挺好吃的(原始評論)挺好吃的
PAIKUEI HSU	4	好多年沒來，菜色升級不少，可惜我在吃生酮版，所以只有小小破酮一下，吃了兩卷烤鴨和兩貫和牛壽司，以及五杯調酒(掩面)。我沒有吃到所有的佳餚，但整體味道都還不錯，除了詭異的豬肋排...
王雅萱	5	不錯
陳兆民	2	甜點不好吃，海鮮也不多，下午茶
David Yeh	3	部分菜色顧意補充得很慢，節省成本，犧牲客戶權益，來客數越來越少
小冶	4	(由 Google 提供翻譯) 服務人員親切，菜色豐富，但它的肋排真不好吃(原始評論)服務人員親切，菜色丰富，但它的肋排真不好吃
Camill Huang	5	很愛來這，尾牙也都辦這
吳漢倫	5	食材新鮮，餐點好吃，多變，服務人員親切
Debby Lee	4	(由 Google 提供翻譯) 好吃(原始評論)好吃
GRD	5	食物多樣
李虹樺	3	原以為價格調漲後，菜色會有很大的改變，結果，只有小變化而已，蠻失望的。原本CP值已不高，現在感覺更低了，以後，應該不會再去了吧∼
Ernest Lin	5	(由 Google 提供翻譯) 好吃(原始評論)好吃
juo chuan liu	4	服務佳，整體菜色優，環境舒適，聚餐好選擇。
劉開龍	5	(由 Google 提供翻譯) 美食(原始評論)美食
Kell Hsu	4	食物好吃多樣、補餐速度也快，但缺點是餐具挺髒的，拿濕紙巾擦擦先。
曹志藩	3	沒有想像的好
許建松	5	服務好，菜色好
麗玲黃	2	(由 Google 提供翻譯) 不值得一提(原始評論)不值得一提
gmail chn5308	5	變貴了，但有新菜色
chu feng Hu	5	(由 Google 提供翻譯) 好吃(原始評論)好吃
二分之一	4	吃的東西蠻多的，但是人也多
Oliver Yan	1	料理手法差，來的組長解釋是創意料理，我看每一道菜都是創意料理吧？理由這麼多！加個幾百塊去晶華可以得到好很多的結果，服務生講不停，感覺態度很差！！
沈德家	3	(由 Google 提供翻譯) 普通(原始評論)普通
阿晟	5	我那時第一次去我提早排隊我一進去東西很多想吃什麼都可去找有很棒的用餐品質吃一吃還可看到樓下的超美燈光
張賢俊	5	好吃，東西很多！
林詩涵	4	有素食套餐選擇
Chen Kevin	3	菜色越來越普通了 ！只能吃粗飽 …
張炳煌	3	"環境不錯，地點也很好。菜色亦佳。牛排（肥肉部分）最好吃。海鮮普通好。消費500元停車僅折抵半小時。平常午餐nt$798,11:30~14:00。10%小費。"
葉里夫	3	已回普通等級
林孝軒	4	食材多樣，喜歡自助吃到飽的人絕對不枉此行!
簡伯勳	5	東西真的超好吃的
latte hario	3	(由 Google 提供翻譯) 食量大的可以去吃，口味尚可。(原始評論)食量大的可以去吃，口味尚可。
Evan Chang	5	吃到飽店的好選擇
YiYeng Yang	4	東西好吃的~~服務也不錯
陳麗妃	5	選擇很多！每一樣都想試試看。
陳美娟	1	在旅展買了四人餐券，一家四口很開心的前往幫兒子慶生 ，買單時 ，因為女兒差一個月滿十二歲 ，所以店家要求需要額外付女兒半價的費用 ，餐券就只能用我們其他三人 。我知道餐券有寫四個成人 ，而我本來就打算把女兒當做成人使用這張餐券 ，但服務人員不願意 ，一直強調必須四個成人 ，後來才說問主管 ，要我在餐券及他們內容消費記錄上簽名切結才行 ， 心裡感覺蠻不舒服的  ，我好像做了什麼壞事一樣。內心已經暗自列為黑名單餐廳
郭寶寶	3	東西還好
julia chen	4	服務人員親切貼心，食物美味可口
cmjbobby cmjbobby	4	讚啦
Neil Gu	5	餐點精緻好吃
林大正	5	食材眾多選擇，飲料及啤酒無限銇慼A享受美食的好去處！
金明忠	3	還不錯，不過不會想再去
李樹仁	4	可供選擇的食物種類頗多，風味亦佳，服務很好
陳兢	3	菜色蠻多的，用餐環境也不錯，適合家庭聚餐。
Angel Liang	5	餐點種類繁多
張志程	4	先?約?
melissa yu	4	吃過多次菜色很多，味道都不錯，只是去都要排隊
Donna Champion	5	"(由 Google 提供翻譯) 最好的自助餐。這麼多美味的選擇可供選擇。如果您在該地區並且喜歡美味的食物，則必須參觀。這是一個有點貴，但絕對值得的'治療日'。(原始評論) …更多(由 Google 提供翻譯) 最好的自助餐。這麼多美味的選擇可供選擇。如果您在該地區並且喜歡美味的食物，則必須參觀。這是一個有點貴，但絕對值得的'治療日'。(原始評論)The best buffet. So many tasty choices to choose from. A must-visit if you're in the area and love good food. It is a little expensive, but definitely worth it for a 'treat day'."
黃新容	3	價錢提升，食物品質卻沒有
蔡小姐	5	(由 Google 提供翻譯) 美味多元(原始評論)美味多元
何佳儒	1	(由 Google 提供翻譯) cp值不高(原始評論)cp值不高
林美玲	4	(由 Google 提供翻譯) 高CP值的自助餐(原始評論)高CP值的自助餐
陳雅慧	5	(由 Google 提供翻譯) 食材很多，也有酒可以喝(原始評論)食材很多，也有酒可以喝
Cindy Roan	4	Buffet食材新鮮、種類多樣化、服務人員態度良好，美中不足的是走道擁擠、靠近進場入口區座位空調悶熱。
黃秋煌	2	跟以前一樣 菜色跟其他家的餐廳都沒什麼變動 不會再想要去
陳碧芸	4	超讚！
麥迪	2	跟10年前來吃差蠻多的~希望加強店員素質
飯糰妹	3	菜色不變，但價格變高了點
Chinchao Chen	1	"其爛無比！服務態度差到極點, 食材不新鮮(搓開烤的香魚肉有股臭味)，噁心！"
Bernice Kwok	5	(由 Google 提供翻譯) 好吃(原始評論)好吃
梁惠梅	1	東西越來越少，就難吃
風邀月	3	現煮湯品盛具設計不良會燙手
ken go	1	新光三越九樓服務人員解說態度不佳，無言，不懂客戶需求，永遠不會再去，永遠
James Jang	3	(由 Google 提供翻譯) 尚可(原始評論)尚可
游榮勇	4	還可
尹傑森	5	料理齊全，各式料理都有
chang km	4	不錯
楊忠恩	5	食材新鮮服務用心
Sherri sherri	4	107/7月要漲價了，CP值降低。
謝周儒	4	(由 Google 提供翻譯) 聚餐的好地方(原始評論)聚餐的好地方
g in	3	東西變少了
andy chung	5	滿意
K T	5	不錯吃丫，可惜沒有生蠔很久了
張國華	3	感覺越來越不理想了...
杜娜	5	適合用餐
李佩珍	3	母親節的時候來用餐，比較特別的是服務生有幫每桌的用餐客人拍照(慶祝母親節照片)，拍好的照片馬上送給客人，自助式餐點是吃到飽的，餐點方面還可以吃
thomas chang	5	那麼多分店，就是這家優，可是聽說又要漲價了。
李蒨蒨	3	人太多，光排隊就花很多時間，先訂位也不一訂能先入場，食材類中上，生菜沙拉大概是菜色裡面最精緻的，而且價位今年又要漲了，CP質低
余瑞承	1	菜色非常少，肉類口感都很硬，菜色準備非常慢，客人位置非常多，比以前的淡水海中天更差
吳訓亮	5	這裡東西多，服務好，有享受的味道讚啦，，，。
sam Wang	3	還可以
vinnie543	4	吃到飽餐點多
HOOK	1	有待加強
LITTLE DO	5	生魚片還不錯，飲料區多樣但好喝的很少，然後有貼心的幫客人外套披上隔離套避免沾染
吳展庭	5	生日小禮物這次收到的是茶包
Robin Weng	3	"(由 Google 提供翻譯) 服務很慢，通常不得不等待食物補充(原始評論) …更多(由 Google 提供翻譯) 服務很慢，通常不得不等待食物補充(原始評論)The service is slow, usually have to wait for refilling food"
幼子米	5	(由 Google 提供翻譯) 好吃(原始評論)好吃
Raymart Tan	5	(由 Google 提供翻譯) 好食物(原始評論)Good food
ming tao liu	4	菜色中規中矩，服務人員態度有禮
Brian Chang	4	"桃園吃到飽好選擇，主打海鮮和日式，不過其實種類繁多，有哈根達斯冰淇淋，也有現場炒冰，海鮮部分很新鮮，也有生魚片和各式握壽司，甜點也是目不暇給，假日一定要訂位，人也真的很多，夾菜都要排隊，但我覺得假日菜色也稍微比較豐富，但如果不喜歡人擠人，平日吃其實就很棒了。It’s a all you can eat restaurant, and provides fresh seafood and many kinds ??更多桃園吃到飽好選擇，主打海鮮和日式，不過其實種類繁多，有哈根達斯冰淇淋，也有現場炒冰，海鮮部分很新鮮，也有生魚片和各式握壽司，甜點也是目不暇給，假日一定要訂位，人也真的很多，夾菜都要排隊，但我覺得假日菜色也稍微比較豐富，但如果不喜歡人擠人，平日吃其實就很棒了。It’s a all you can eat restaurant, and provides fresh seafood and many kinds Chinese food. If you want try many different food in the same time, it’s good choice in Taoyuan. There’re also fruits, desserts and ice cream there, you can enjoy in the end. The price I think is reasonable."
Neroli Jen	4	還不錯
陳立華	4	囍安軒，吃喜酒，還不錯。
邱俊澤	4	還ok，菜色雖然不比內湖，但訂位好定，車好停，這就方便很多了。
蔡先生	4	(由 Google 提供翻譯) 食物很美味(原始評論)食物很美味
相機寶	4	好吃，價格太高
王建宇	4	"菜色豐富,很多人。"
Yvonne Wu	4	不錯
Summer Time	5	食物很美味~菜色款式蠻多的~帶媽媽去吃得很開心!推~
陳錫貞	3	氣氛佳 食材優 手藝棒 值得一試
林銀鳳林銀鳳	4	新鮮美味，食物眾多
夏目友人帳I	4	(由 Google 提供翻譯) 下午茶菜色不是很好~(原始評論)下午茶菜色不是很好~
Happy Wu	4	(由 Google 提供翻譯) 新鮮食材(原始評論)食材新鮮
張哲維	3	越來越沒有以前好吃了…
Allen Chen	4	不錯吃的吃到飽餐廳。。只是川燙蝦比較不好吃了。。
蔡孟恩	4	(由 Google 提供翻譯) 很多類型(原始評論)種類多
Belle Belle	3	"請帶位的女性服務人員 , 不要常常咳嗽~ 感覺很差！因為菜色幾乎不更換 , 希冀屆時漲價後能帶動菜色更迭~"
劉俊良	5	食材很新鮮
陳冠皓	4	吃到飽算不錯，但沒什麼變化
曾鈞鼎	2	"菜色種類少,感覺不到其價值在那."
李宏傑	4	生鮮新鮮，還不錯。
Eric Tsai	4	貴，很貴，但食物種類很多，蜂蜜類食材是別家吃不到的，很特別
吳京縈	4	吃日本料理價位不算太高有多樣化，值得推薦。
劉秀春	5	是不錯吃，但是感覺沒有板橋小遠百的好吃
羅豪	5	開心
Chiwei	5	(由 Google 提供翻譯) 好吃(原始評論)好吃
李貞穎	1	服務生態度不佳，菜色都沒特別
謝家琇	1	餐點種類雖說蠻多樣！但是都做得很隨便，太鹹、太爛，每道菜都很難吃，動線也規劃得很爛。同樣的價位，我不如去吃欣葉或海港城！甚至我寧願再加點錢去吃晶華！這是我第一次來也絕對是最後一次！！！
張青全	1	菜色普普，聽說還要在漲價，應該不會再去消費
LiFang Chen	3	菜色選擇不多，感覺沒有物超所值
xiang xiang	4	白色餐具的刮痕 和咖啡漬...感覺就…
Kenny Yang	4	還不錯吃
Ivy Chen	1	今天吃午餐吃到一半，發現沙拉區有蟑螂在爬~_~(還好我從來不吃沙拉區)之後真的不太有胃口吃別的菜色事後意見調查表上有反應。
劉其翔	4	種類多但港點部分需多下功夫
余國勝	4	是因為吃到飽的我喜歡。
程宣霖	4	CP值相當高，如果你懂物價，可以吃夠本。
廖玉霞	4	真的菜色很優喔~
華華范	4	東西不錯  但價位頗高
燕紅徐	5	素食者的價格是一樣的，希望能增加多一點，感謝
PE PE	4	東西變化大，而且都很新鮮東西也都是現做的所以不會吃到冷掉的??
kevin yu	4	每次過年家族聚會的好地方！
政賢劉	5	口味極佳，服務親切，環境舒適。
andy tZeng	4	品項多，新鮮
彭JANE	3	菜色沒有新竹遠百店多。
Louie Cheng	3	菜色缺乏變化
鍾雅珍	3	東西多樣化
ray Lin	1	組長及櫃檯態度差，員工訓練不足衛生也非常不行
陳戴順	5	(由 Google 提供翻譯) 好吃(原始評論)好吃
郭宇安	3	甜點跟冰淇淋還有甜在心地瓜都不錯，適合吃下午茶。今天觀察到杯子跟盤子洗得沒有很乾淨，走的時候忘記跟店家反應了?
EDDIE LEE	3	在桃園市高級buffet自助餐廳不多了這家。台茂。中悅新天地這間不便宜。菜色花樣不夠多。牛肉品質不好。 ??更多在桃園市高級buffet自助餐廳不多了這家。台茂。中悅新天地這間不便宜。菜色花樣不夠多。牛肉品質不好。但在桃園也沒有多的選擇了。好停車新光三越停車場。消費可以低停車費
Shen Sen	4	餐點美味，服務態度友善
Gina Lin	4	(由 Google 提供翻譯) 素食的朋友也能吃。(原始評論)素食的朋友也能吃。
Lilian Chen	4	握壽司非常驚人，炸物普通，甜點有些好吃有些普普
陳泰豪	5	(由 Google 提供翻譯) 好吃(原始評論)好吃
柳心心	4	用餐環境還不錯，是朋友聚餐的好地方再加上現在有活動，四人同行一人免費，很划算
吳梓圻	4	桃園區百匯餐廳算是 新鮮 菜色多 今年生日感謝大家。開心 ！
呷呷	3	真的沒之前好吃，，，種類也少了。
張家瑜	5	老了 不適合吃到飽但還是很推年輕人來
huang jis	4	日本和牛還不錯！霸王櫻鴨應該是熱門的選項之一，但很多食材見底許久不見補貨，堪稱經典沒誠意！
楊淳允	5	吃蟹 吃海鮮 就是要這家
Avan Chen	5	環境不錯，菜色多
Hong Shuh	4	多次光臨還是老樣子，服務不錯，只是牛排不如預期，太老筋多，不過不能要求太高必竟吃到飽。
劉靜頤	4	食物很多，常常換菜單，維持新鮮感
Wilson Gu	5	約莫幾個月就會來吃一次每次來吃都會很滿足尤其是近期新增的大螃蟹可以吃到滿滿的蟹膏 蟹黃 跟蟹肉
馬明聰	4	有點貴
Arnaud Chopin	4	(由 Google 提供翻譯) 大餐廳。有很多選擇。友善的員工。比新竹的餐廳好！(原始評論) …更多(由 Google 提供翻譯) 大餐廳。有很多選擇。友善的員工。比新竹的餐廳好！(原始評論)Grand restaurant. Beaucoup de choix. Employ?s aimables. Meilleur que le restaurant de Hsinchu !
James Huang	3	食物總類繁多，味道美味，但不算精緻，沒有新鮮果汁，以價位來說可以接受
Wasabi Lee	3	連鎖店居多，就是美食街。
巧虎	3	吃的很飽，如果可以在精緻一點更好
Tess Bc	5	(由 Google 提供翻譯) 良好的傳播和美味的食物(原始評論) …更多(由 Google 提供翻譯) 良好的傳播和美味的食物(原始評論)Good spread and delectable food
Gj Fhb	3	口味還可以，單價略高
Fillanzea Lu	5	九成以上食物品質都很棒，如果這家可以打五分，板橋店就只有二分，不懂連鎖店的落差怎會這麼大。
李麗美	5	(由 Google 提供翻譯) 好耶~(原始評論)好耶~
羅祺璋	5	廚師優良餐點美味
李嘉麟	5	東西還不錯，食物補的很快
陳瓊靜	4	不錯吃
飛揚業績長紅	5	(由 Google 提供翻譯) 好吃(原始評論)好吃
wu andrea	4	適合聚餐的地方，有哈根達斯冰淇淋
許禮傑	2	缺點：1. 團體預訂提早到只能罰站，一群人擠在櫃台前面感覺很糟...可以考慮先帶位進去，並提醒時間到才能取餐！ ??更多缺點：1. 團體預訂提早到只能罰站，一群人擠在櫃台前面感覺很糟...可以考慮先帶位進去，並提醒時間到才能取餐！2. 餐點補的速度慢，不是應該快沒有就補嗎？常看到空盤子放著算什麼？3. 兩小時用餐時間有40~50分鐘都在排隊...4. 動線規劃不良，取餐走道擁擠~有些地方只能夠兩人並肩三人就卡住了~5. 海鮮新鮮度不佳...優點：1. 餐點種類豐富2. 用餐環境乾淨3. 窗邊視野很好4. 收盤子速度迅速~不會堆太多~結論：.建議平常天去吃，不然光排隊取餐就夠你受的...
林群風	4	東西有點少哈哈可惜
許威廉	5	菜色豐富。氣氛佳
北桃金城武	4	還蠻好吃的，但是我更愛中壢SOGO店
Keigo Kao	5	"(由 Google 提供翻譯) 用昂貴的食材自助餐。種類很多，價格合理，每人不到人民幣1,000元。時尚寬敞的內飾也不錯。(原始評論) …更多(由 Google 提供翻譯) 用昂貴的食材自助餐。種類很多，價格合理，每人不到人民幣1,000元。時尚寬敞的內飾也不錯。(原始評論)高??食材?提供???????。種類?多?、?段?一人???千元以下???????。????????????店??良???。"
Anita Ho	2	價格$1290+10%，但是食材不怎樣，用餐區走道非常窄，收餐盤的車還佔據走道，只能一人側身通過。絕對不會再光顧。
羅仲良	5	好幾年沒來吃，今天來吃感覺有比以前進步。餐點美味，新鮮可口，服務也很不錯。今天星期二下午5:30開始用餐，服務生說可以吃到晚上9:30關門，用餐時間超充裕，很棒。
Jessica Chang	4	高檔吃到飽餐廳，也有段歷史的餐廳
Sheng-Jen Yu	3	2018/2/1晚上6點，因平日晚餐都已經被公司包場辦尾牙，只能從中壢來桃園店用餐，第1次來，講講我的餐後感想，補菜速度有待加強，繞了一圈，很多區都是剩一點點，明知來客量已預約全滿，菜量應×1.2倍；用餐環境昏暗、走道窄小；中式料理偏鹹；優點是廁所是在裡面(不需跑出去門外)最後，才知道饗食天堂也有地雷!之後還乖乖的在中壢店吃好了
?月娥	5	吃到飽 很適合全家 聚餐
李文輝李文輝	5	食物好吃也很多樣的選折
Mini Lai	5	(由 Google 提供翻譯) 都很好吃(原始評論)都很好吃
candy li	4	不錯吃，價格還算合理
emma duan	5	餐點美味豐富、尤其骰子牛讚讚讚…
Henry Justin	4	種類多樣化且經濟實惠！
王承滏	3	(由 Google 提供翻譯) 尾牙在此已經連續吃了好幾年了，感覺沒什麼進步！(原始評論)尾牙在此已經連續吃了好几年了，感覺?什麼進步！
林永欣	5	鮭魚，黃金魚，牛奶冰淇淋。
茂成茂成	5	食材新鮮，實在。
林和玉	1	(由 Google 提供翻譯) 食物平平，並無特別高檔，價格不低，人潮不少，服務並不特別友善，本次50人團體用餐，須待結帳完才能折抵部份停車費，先離開無法享停車優惠，須以每小時6O元計費，2小時不到又被剝削120元，超不爽的心情，下次就算免費也不想去。 …更多(由 Google 提供翻譯) 食物平平，並無特別高檔，價格不低，人潮不少，服務並不特別友善，本次50人團體用餐，須待結帳完才能折抵部份停車費，先離開無法享停車優惠，須以每小時6O元計費，2小時不到又被剝削120元，超不爽的心情，下次就算免費也不想去。(原始評論)食物平平，並無特?高?，价格不低，人潮不少，服務並不特?友善，本次50人?体用餐，須待結帳完才能折抵部份停車費，先離開無法享停車优惠，須以每小時6O元計費，2小?不到又被剝削120元，超不爽的心情，下次就算免?也不想去。
henryak4700	1	一個人要快800(2018/1假日午餐價位)卻沒甚麼新鮮感 甜點區還不錯 但也就只有這區比較有看頭 其他區根本不怎樣 補餐點跟餐具速度都超慢 餐具還常常沒洗乾淨 我就碰過不只一個玻璃杯留著上一位的果渣 冰淇淋杯永遠是濕的 訂五人桌給我六人的位子然後說要收走一個位子 理由居然是會擋到走道 結果旁邊更窄的地方卻能擺八人桌 後來換桌後那桌還是照樣坐六人 那到底擋到甚麼走道了? 大家一直詬病的30分前就搶走你餐具也是 到底是多怕人家吃?
吳明潭	4	食材總類多，但假日人多補菜較慢。
李佳穎	3	這一次來這裡感覺菜色選擇上少了許多，不是很滿意，比起過去有種變差的感覺
鄭惟擎	5	適合朋友聚會的據點
Michael Huang	5	(由 Google 提供翻譯) 美食多多(原始評論)美食多多
川鱷	1	用餐時間還剩半小時就直接把我們的餐具收走，明明就說還有要用到卻不聽，是叫客人要用手抓食物吃嗎？
若汪林	4	豐富
Victor Hsu	1	東西一成不變啊，吃一輪就差不多了，急著結帳，消磁有問題就說關帳了，關帳跟我有關係嗎？
_G Anthony Hsu	1	晚餐六點進去很多菜已見底不補，酥皮濃湯永遠等不到可拿，菜色少，冰淇淋已經沒有不打算補新的，晚餐要價近$1000是這種品質，但服務生很勤勞的收盤整理桌面。
楊聰明	3	服務很好 食物雖多元 但並不豐富 也許是我太叼了
程依綾	5	"餐點很豐富多樣,食材新鮮,適合家庭及公司聚餐。"
么妹飲料店	5	食材新鮮多樣超好吃??
wayne jean	4	(由 Google 提供翻譯) 好服務。豐富的食物選擇。自助午餐的好價錢。不含酒精。很棒的甜點和沙拉選擇。(原始評論) …更多(由 Google 提供翻譯) 好服務。豐富的食物選擇。自助午餐的好價錢。不含酒精。很棒的甜點和沙拉選擇。(原始評論)Good service. Great selection of foods. Good price for lunch buffet. Free alcohol. Great dessert and salad selection.
趙 芊芊	5	餐點很豐富多樣，生蠔超大，食材新鮮。適合全家聚餐。
Jason Ku	4	水果很新鮮，菜色很多元。
李玉棉	5	東西不錯吃，服務人員態度也非常好的還為了小朋友著想準備了小朋友用的餐具
王固偉	3	C區走道太窄、客人取餐來回容易碰撞、且地板濕滑、要小心。
朱桓頡	3	改裝潢倒不如讓菜色變化多一點 ，料理一層不變 ，也不精製 ，十年來幾乎一模一樣
不知道	2	盤子沒有一個是乾淨的，菜色普普
999978	5	(由 Google 提供翻譯) 超好吃的！使用旅展餐卷更划算！(原始評論)超好吃的！使用旅展餐卷更划算！
張又仁	4	服務品質高，食物還好，在吃到飽店來說，算中下等級的。以螃蟹來說，冷凍的感覺十分明顯，尚缺乏些措施增添風味，以其他主食來說，雖然第一口吃還不錯，但是會越吃越膩不適合吃同一道吃很多。 ??更多服務品質高，食物還好，在吃到飽店來說，算中下等級的。以螃蟹來說，冷凍的感覺十分明顯，尚缺乏些措施增添風味，以其他主食來說，雖然第一口吃還不錯，但是會越吃越膩不適合吃同一道吃很多。以海鮮來說，孔雀蛤的新鮮度算高，也蠻好吃的，也許是食材本身好吃，但海鮮料理這麼多，卻只有孔雀蛤是讓我覺得是水平之上的。以甜點來說，蛋糕的選擇夠多，且冰淇淋使用的是哈根達斯，品質很有保證，而以水果來說，水分的滋潤似乎嚴重缺乏，有點難展現「水」而只有「果」。廁所只有三個小便桶，雖然吃到飽很少會花時間上廁所，但是是一個適合改善的部分。另外，茶碗蒸的口感不夠繽紛，感覺像是一般40元以下的家庭版，並不夠入味。有些食材也太多油，超過適宜口感即可的油量，像是天婦羅。以上綜合，因此食物的誘惑並不夠吸引人，而價格卻是如此之高，cp不成正比，不如吃其他吃到飽較便宜的店，服務的高品質若能持續維持，我想大家也還不至於會計較其他缺點。
藍國華	4	服務不錯，東西好吃，但回收車要加一個蓋子比較好，走過去聞到有點反胃
呂芮奇	5	(由 Google 提供翻譯) 食物多又好吃(原始評論)食物多又好吃
白雲鋒	5	好吃，氣氛也不錯
陳文聰	4	到這裡用餐已經N次，每一次除了吃到飽以外，實在看不到菜色有甚麼變化，反倒是價格一直上漲，但是服務人員的態度非常好
彭生光	5	服務不錯，美食唷∼
Air Blur	4	個人覺得是桃園最好吃的歐式BUFFER，當然也反映在價格上
Caspar Hung	4	不錯的聚餐地點。
Benson Shen	4	服務佳，食材多。
I vy	4	多樣化選擇 好吃
潘大勇	5	好吃，菜色豐富，高檔食物很多。
Giselle	4	下午茶平價，cp值超高，餐點多樣供選擇，食物新鮮。
Lucas Chiu	5	下午茶才五百出頭。兩個小時的用餐，交通又方便，大勝海鮮城跟其他分店。吃飽還可逛逛新光三越跟對面大遠百。
zz Kuo	4	好吃訂位也不一定吃得到食材新鮮
鄭煒立	5	(由 Google 提供翻譯) 很好吃(原始評論)很好吃
Young Jason	5	價格高，但相對的，食材也很豐富。值得來消費。
宋謹伊	3	稍微貴了點且食材普通，雖然能吃到飽但稍貴的食材補的較慢；整體來說，還算是個能帶孩子、伴侶、父母一起吃飯有氣氛的好場所
鄒德明	3	菜色比以前少很多，價格更高，但服務態度不錯
林寶瓊	5	食材新鮮美味好吃慶生用餐好禮相送九五折扣滿心歡喜有吃有喝有拿開心
陳達中	2	供菜慢，海鮮及現切牛肉切完就不再提供
Lin Vivian	5	家庭 好友聚會的好地方一定要事先訂位 才不會空等很久
Godspeed Bezos	4	還可以
Chintsun Chen	4	種類多速度快，雖然價格不低，但是可以接受。
高昇	3	12:00入場東西很快就沒了，人又不是很多東西的口味不算好，不是太老就是沒入味。
楊玉枝	4	甜點冰淇淋也不錯
金帛盛	4	百吃不厭的自助百匯蛋糕跟哈根冰淇淋必定品嚐
sane LIN	4	好吃，食物種類很多，服務也不錯
Kun-Ting Chao	4	食材選擇多，海鮮吃起來新鮮不會有腥味，冰淇淋和甜點也都有一定的程度，但生魚片的筋有點多，較高階食材補貨速度緩慢，吃到一半後就沒看到再補了。
大玉兒	3	燒烤區烤的魚全都是下三爛的魚 其他都還可以
黃松福	3	地方寬敞，服務優質，餐點普普
張洪耀	3	(由 Google 提供翻譯) 自助餐。(原始評論)A buffet.
安吉拉	2	海鮮冰冰的沒甚麼味道，蛋糕普通，冰淇淋普通，飲料普通，現切牛排普通，日式料理還可以，中式料理普通?基本上又是排場好看吃起來沒什麼的豪華連鎖餐廳
楊曉希	4	吃到飽 東西新鮮
Ken Gannon	5	"(由 Google 提供翻譯) 桃園的所有遊客都應該來這裡用餐。員工友善，食物都是中文/日文/英文，食物真的很好。(原始評論) …更多(由 Google 提供翻譯) 桃園的所有遊客都應該來這裡用餐。員工友善，食物都是中文/日文/英文，食物真的很好。(原始評論)All tourists in Taoyuan should come eat here. Friendly staff, food items are in Chinese / Japanese / English, and the food is really really good."
趙泰源	5	選擇種類繁多讓我吃到飽
Wu Melody	3	"座椅很滑差點滑倒,菜有點油,燈光太昏暗,動線太混亂."
錢潔	1	一層不變，沒有創意及創新
kengfu Lin	4	海鮮吃到飽
Grace Tsai	4	食物種類非常多，蝦子很新鮮，德國豬腳一般，牛肉等級還好，日式炸蝦還不錯，食物種類雖多，可能是因為吃到飽，所以食物沒有到很精緻，但是甜點很好吃，冰淇淋和蛋糕吃起來很幸福，服務生態度都超讚??很適合聚會去。
Yang Verna	4	東西多也很精緻吃到飽真的很容易吃太飽適合食量大的人
Katie Hsu	4	(由 Google 提供翻譯) 好吃∼(原始評論)好吃∼
JOJO Kuo	5	從迎賓到送客  服務親切
王珮茹	4	有好吃的也有普通的但沒有不好吃的，品質算高，價格也合理；有幾樣菜非常值得推薦。沒有遇到巔峰所以能輕鬆的吃，下次還會來。
Athena	5	若想吃到飽，在桃園應該選這間是不二之選了。
Jeff Peng	4	"服務很好,東西品類眾多,讚"
陳育廷	4	算是相當平價
Chen Weian	4	生魚片跟甜點不錯
猩猩	3	從新整理後，東西比較多了，價格也還可以
Andy Chin	5	菜色豐富口感佳估計要來吃三四回 ??更多菜色豐富口感佳估計要來吃三四回才吃的完整!我貌似吃六盤有吧？((笑......
biscuit chang	4	(由 Google 提供翻譯) 好吃(原始評論)好吃
連家輝	5	品項眾多，口味佳，只嘆自己胃口小了，這個價位很便宜，假如你曾到過港澳日韓，你一定會同意我說的。
蕭秀貞	4	菜色多，吃到飽服務。
Liu Vivian	5	東西好吃
Wesley衛	5	寬敞舒適，食材乾淨新鮮，服務人員用心態度佳
蘇達裕	4	菜色豐富
JAY HUNG	4	(由 Google 提供翻譯) 食物cp值高但人多(原始評論)食物cp值高但人多
Naiya Chen	4	菜色多，食材豐富，吃到飽做得心星級飯店好，場地大，選擇多，料理新鮮，服務不錯，只可惜常客滿不容易訂到位
Migg Hsu	4	(由 Google 提供翻譯) 可吃(原始評論)可吃
黃莉婷	4	(由 Google 提供翻譯) 好吃(原始評論)好吃
Landes chen	5	(由 Google 提供翻譯) 好吃。(原始評論)好吃。
王郁淳	4	價格環境不錯 ，值得再去
Carol Lee	5	(由 Google 提供翻譯) 美味(原始評論)美味
Mike Lu	4	菜色比起其他家，好像偏少，但也有一定水準。
Lightning Yang	4	還不錯
Samuel Wang	4	食物選擇豐富
Eric Chen	4	吃飽飽的餐廳
陳小菲	4	還不錯只是菜色大都ㄧ樣
poning lee	4	食物新鮮，但人太多影響用餐品質~
方琦	4	餐點多樣又好吃，看到ㄧ排的鑄鐵鍋就心情好∼
Alan Wang	4	食材眾多新鮮動線流暢
珩珩	4	"可以說是從小吃到大看到大,跟以前相比真的差太多了！現在上菜的速度真的變慢菜色雖看起來多樣但漸漸變少了！菜色多樣標準SOP做的還可以,接待台那裡秩序維護不錯# 給與當日壽星的生日禮物蛋糕真的太小了(其實根本不用給沒關係)不用用小巧精緻敷衍"
Chien Titi	5	服務好
范瑞蘭	4	"目前到過的吃到飽餐廳, 最推的一家!"
Penny	4	場所大，但是海鮮不多，服務態度很好
王曉蓉	4	餐點好吃取餐動線安排不錯
Van Perng	4	食材新鮮，但冰淇淋太難挖了！
boyu Chen	4	還可以
Ming Lee	4	餐食種類多且美味，服務人員親切
天霸	4	菜色豐富
hhh An	3	下午茶還好
Tai Chen	4	食材不錯，停車抵太少
曾Ivan	5	性價比最高的吃到飽，沒有之一！
簡哲煒	3	吃過多次 品質越來越差 價格越來越貴
施慶煙	1	用餐時間只有兩小時，吃到飽餐點上架的速度太慢，又要客人排隊等待，感覺很差，
rose leu	4	食物多元化，想吃什麼就吃什麼很自在
卓家宇	5	菜色多，好吃，有酒精飲品
楊欣瑜	4	好吃 環境舒適
劉焌煜	4	晚上氣氛好，食物美味
黃俊翔	3	感覺沒有以前好吃了
黃麗萍	4	吃到飽的料理……多樣化
Molly Chen	4	午餐，菜色很多，服務人員很好，服務很好
陳進榤	5	多樣菜色，盡情享受
Chang??	3	(由 Google 提供翻譯) 普通(原始評論)普通
水美雲	5	菜色種類多…場地寬敞。生日聚會好去處
Joyce Lu	4	(由 Google 提供翻譯) 莎拉。牛排。好吃(原始評論)莎拉。牛排。好吃
廖怡禎	5	"(由 Google 提供翻譯) 喜歡這裡的氛圍和美食，非常適合喜歡的場合和慶祝活動......如果您喜歡美食，這裡就是您的最佳選擇(原始評論) …更多(由 Google 提供翻譯) 喜歡這裡的氛圍和美食，非常適合喜歡的場合和慶祝活動......如果您喜歡美食，這裡就是您的最佳選擇(原始評論)Love the ambiance and great food, great for occassions and celebrations... If you love good food this is a place to be"
Yannick Yu	3	很普通啊！食材新鮮度待考驗
洪有甘	4	(由 Google 提供翻譯) 好吃(原始評論)好吃
Sam Hu	4	(由 Google 提供翻譯) 好(原始評論)好
Jenny Chen	3	越做越不好...生日禮只有和吃的當天差三天才可以..和普通餐廳當月壽星完全不一樣...第一次看見這樣的規定..另外生魚片也縮水了，鮪魚也沒了@@ 可能怕被別人吃
冠軍酷哥 Curtis	5	這間跟臺北的響食比起來，即使到了用餐時間快結束的時候，甜點區也不用排隊呀~超愛這裡的~~
克勞薩	1	晚上7點只能吃剩菜嗎 !?
Eric Wang	4	東西很多，但感覺都一般般。靠窗邊景色不錯看，吃過幾次就沒再去了。
Forc	4	享受悠閒時光
戰地風雲	3	品質一般般
Brent Hsu	3	少了生蠔以後。CP值大大不如以往
ray huang	1	真的東西超鹹，看評價以為豐富，也沒什麼菜色，海鮮真的不怎樣，吃一個不會想再拿，真的不值這個價吃完空虛後悔。
王夢妮	3	(由 Google 提供翻譯) 烤牛肉越切越小片了.................(原始評論) …更多(由 Google 提供翻譯) 烤牛肉越切越小片了.................(原始評論)烤牛肉越切越小片了.................
林夢婷	3	飲料區幾乎都變成茶了以前的純果汁都不見了
Hsu Huai Chiu	4	下午茶環境寬敞，食物種類多元
許聖堅	5	吃到飽的好去處
Jerry Tu	3	(由 Google 提供翻譯) 美味(原始評論)美味
黃培琪	4	菜色豐富
邱宇均	4	不錯 但菜色真的要多變化 每次去吃都差不多…
Vanness Huang	4	"還不錯,但覺得以前到現在菜色變化不大"
andy wang	4	(由 Google 提供翻譯) 好吃(原始評論)好吃
Randy Chen	4	(由 Google 提供翻譯) 好吃的美食(原始評論)好吃的美食
吳詮義	3	越來越貴!!!
黃偉倫	4	(由 Google 提供翻譯) 好吃(原始評論)好吃
Lance Huang	5	(由 Google 提供翻譯) 好吃(原始評論)好吃
張庭瑋	4	聚餐吃得飽的好地方
Ader Pan	5	好吃，值得再來
Kelly Wu	5	超多好吃的美食，有聚會第一選擇
Alec	4	(由 Google 提供翻譯) 好吃(原始評論)好吃
Caspar K	4	(由 Google 提供翻譯) 好(原始評論)Good
Barbie Liao	5	炸蝦好吃，櫻桃鴨好美味
Shan Lin	4	菜色多樣化
陳正泰	5	cp值很高，卻也不能常吃，終究會膩。最愛功夫鴨粥
羽涵涵	4	好吃，常客滿
大手	2	石頭火鍋比這個好多了
中原應華系	5	好吃喔!最喜歡炸蝦!還有鴨肉捲!
藍寶玉	4	好吃，價格合理，有時不好預約。
Neil Chang	4	東西多樣好吃，但吃不了這麼多∼
Yujou Shao	5	吃得超飽，服務也很好，還過來幫我用椅背套，覺得很貼心，食物上菜速度也很快，選擇很多^^
Angela Fei	4	種類多，口味適中，路線規劃設計還可以
戴宸達	1	超級難吃2016年 4 月6日中午去吃時 ，吃到海鮮類吃了兩口後就不舒服 ，跑去上廁所後又吃牛肉也非常的難吃 ，食材是冷凍的又不新鮮 ，價格貴 ，今天手開始會養而且腸胃不舒服 ，這麼難吃的店 ，你們還說好吃 ，有問題哦 ！
Rudolf Yeh	5	離桃園車站近，食材新鮮、美味，建議先訂位以免耗時間候位。
Victor Chiang	3	餐點多元，選擇性高，但價位偏貴
洪妹	3	值得去品味可再去品嘗
小太陽	5	菜色多樣，值得再三光顧
Terry Huang	3	餐點還可以。
Nicole Shune	5	最好提早訂位
吳書蘋	3	炸蝦很好吃，但是有一點貴
Jerry Chen	2	饗食天堂真的沒有值那個錢
陳旭淳	5	(由 Google 提供翻譯) 真好(原始評論)Nice.
梁志翔	4	食材新鮮好吃，但菜色沒有「非常多」，cp值普通
William Chen	4	食材豐富生魚片炸蝦揚物廣東熱炒片鴨牛排肉排，都很豐富，此外飲料水果也很多樣，甜點也不平凡，適合聚會用餐氣芬佳。
怡君林	5	食材新鮮價格ok
郭宗男	5	三月去吃，食材新鮮且豐富，是近期吃過算滿意的吃到飽餐廳。
小雅	2	沒有以前好吃 一點也不值那價格
黃秋天	4	很多選擇不錯喔
鄭義嘉	3	東西一個比一個鹹 喝水就飽了
龍貞儀	3	這個月才跟家人去過食品太一般但是服務很好點餐的速度出菜還滿快的
Eason易陞	5	雖貴了點，但真的好吃。
Feng CHENG	4	讓我體重爆衝的地方
林仕盟	3	沒有以前精緻
謝?華	5	每次謝師宴還啥的都辦在那邊，是還不錯吃啦...
